date,time,symbol,expiry,strike,put_call,side,spot,size,price,premium,sweep_block_split,volume,open_int,conds
02/09/2024,04:14:57 PM,SPY,03/01/2024,500,put,bid,501.05,260,$3.78,$98.3K,sweep,2760,1258,
02/09/2024,04:14:50 PM,SPY,03/15/2024,500,call,bid,501.05,400,$8.61,$344.4K,sweep,8135,30806,
02/09/2024,04:14:45 PM,SPY,02/12/2024,499,put,bid,501.04,800,$0.41,$32.8K,sweep,89877,4037,
02/09/2024,04:14:35 PM,SPY,02/16/2024,498,put,ask,501.03,206,$1.43,$29.5K,split,21078,5474,
02/09/2024,04:14:34 PM,SPY,02/12/2024,501,put,bid,501.03,311,$1.04,$32.3K,sweep,73905,59,opening
02/09/2024,04:14:34 PM,SPY,02/12/2024,499,put,bid,501.05,752,$0.41,$30.8K,sweep,89073,4037,
02/09/2024,04:14:25 PM,SPY,02/16/2024,500,put,bid,501.05,199,$2.09,$41.6K,split,37208,7764,
02/09/2024,04:12:33 PM,SPY,04/19/2024,474,put,bid,501.10,500,$2.84,$142K,split,4398,42027,
02/09/2024,04:12:29 PM,SPY,02/12/2024,499,put,ask,501.09,935,$0.40,$37.4K,sweep,87145,4037,
02/09/2024,04:12:29 PM,SPY,02/12/2024,500,put,ask,501.09,454,$0.64,$29.1K,sweep,100440,1413,
02/09/2024,04:12:11 PM,SPY,03/15/2024,500,put,ask,501.10,449,$5.65,$253.7K,sweep,23306,13725,
02/09/2024,04:11:29 PM,SPY,02/12/2024,500,put,bid,501.12,615,$0.63,$38.7K,sweep,99312,1413,
02/09/2024,04:11:19 PM,SPY,02/12/2024,501,put,bid,501.12,250,$1.00,$25K,block,73192,59,opening
02/09/2024,04:11:10 PM,SPY,02/15/2024,499,put,bid,501.10,204,$1.50,$30.6K,sweep,3199,379,
02/09/2024,04:09:59 PM,SPY,03/15/2024,492,put,ask,501.12,392,$3.21,$125.8K,sweep,5564,3663,
02/09/2024,04:09:42 PM,SPY,02/13/2024,502,put,bid,501.08,200,$2.30,$46K,sweep,7644,472,
02/09/2024,04:09:35 PM,SPY,03/15/2024,490,put,bid,501.05,150,$2.81,$42.2K,sweep,8123,32039,
02/09/2024,04:09:33 PM,SPY,02/16/2024,501,call,bid,501.07,378,$3.15,$119.1K,sweep,39621,37848,
02/09/2024,04:09:29 PM,SPY,02/16/2024,496,put,bid,501.02,6136,$0.98,$601.3K,sweep,20023,3791,opening
02/09/2024,04:09:29 PM,SPY,02/16/2024,495,put,mid,501.01,4279,$0.81,$346.7K,sweep,41460,13400,
02/09/2024,04:07:58 PM,SPY,04/19/2024,474,put,ask,501.00,952,$2.87,$273.2K,sweep,4089,42027,
02/09/2024,04:07:46 PM,SPY,04/19/2024,474,put,mid,501.00,2548,$2.86,$728.8K,sweep,3126,42027,
02/09/2024,04:07:23 PM,SPY,02/16/2024,492,put,bid,501.00,1387,$0.47,$65.2K,sweep,48397,15264,
02/09/2024,04:07:10 PM,SPY,02/16/2024,492,put,bid,500.99,15156,$0.47,$712.3K,sweep,47010,15264,
02/09/2024,04:07:00 PM,SPY,02/16/2024,505,call,bid,500.99,686,$1.38,$94.7K,sweep,32865,17050,
02/09/2024,04:04:13 PM,SPY,02/16/2024,507,call,ask,501.00,461,$0.83,$38.3K,sweep,8857,1349,
02/09/2024,04:04:07 PM,SPY,04/30/2024,480,put,mid,501.01,500,$4.07,$203.5K,block,762,4699,
02/09/2024,04:04:00 PM,SPY,02/12/2024,502,put,ask,501.06,216,$1.55,$33.5K,block,14695,385,
02/09/2024,04:03:56 PM,SPY,03/01/2024,511,call,bid,501.09,354,$1.69,$59.8K,split,467,29,opening
02/09/2024,04:03:52 PM,SPY,02/16/2024,500,put,ask,501.09,275,$2.11,$58K,sweep,36249,7764,
02/09/2024,04:03:31 PM,SPY,02/16/2024,506,call,ask,501.12,1000,$1.11,$111K,sweep,13125,9179,
02/09/2024,04:03:29 PM,SPY,04/30/2024,550,call,bid,501.13,1000,$0.45,$45K,block,2459,1261,
02/09/2024,04:03:29 PM,SPY,04/30/2024,519,call,ask,501.13,500,$5.02,$251K,sweep,1191,13,opening
02/09/2024,04:02:46 PM,SPY,02/16/2024,507,call,ask,501.11,768,$0.85,$65.3K,sweep,8395,1349,
02/09/2024,04:02:41 PM,SPY,02/12/2024,501,call,ask,501.12,300,$1.22,$36.6K,sweep,130640,3705,
02/09/2024,04:02:38 PM,SPY,02/12/2024,500,put,ask,501.14,656,$0.64,$42K,sweep,97183,1413,
02/09/2024,04:02:34 PM,SPY,05/17/2024,465,put,bid,501.14,1000,$3.26,$326K,sweep,5407,16784,
02/09/2024,04:01:58 PM,SPY,02/21/2024,505,call,bid,501.05,152,$2.01,$30.6K,split,6270,0,opening
02/09/2024,04:01:43 PM,SPY,02/12/2024,502,call,ask,501.02,407,$0.69,$28.1K,sweep,77936,3056,
02/09/2024,04:01:43 PM,SPY,02/12/2024,501,call,ask,501.02,474,$1.15,$54.5K,sweep,130530,3705,
02/09/2024,04:01:43 PM,SPY,02/12/2024,500,put,ask,501.02,377,$0.67,$25.3K,sweep,96137,1413,
02/09/2024,04:01:18 PM,SPY,02/12/2024,498,put,ask,501.04,930,$0.26,$25.1K,sweep,58434,4773,
02/09/2024,04:00:25 PM,SPY,02/12/2024,505,call,bid,501.18,3569,$0.10,$35.7K,sweep,41726,4300,
02/09/2024,04:00:24 PM,SPY,02/13/2024,499,put,ask,501.16,257,$1.01,$26K,split,15902,1478,
02/09/2024,04:00:20 PM,SPY,02/16/2024,477,put,bid,501.23,2481,$0.11,$27.3K,sweep,15554,20681,
02/09/2024,04:00:15 PM,SPY,04/19/2024,468,put,bid,501.22,400,$2.31,$92.4K,split,1633,12672,
02/09/2024,04:00:09 PM,SPY,02/23/2024,490,put,bid,501.17,376,$0.77,$29K,sweep,6012,5787,
02/09/2024,04:00:07 PM,SPY,02/23/2024,490,put,bid,501.12,420,$0.77,$32.3K,sweep,5636,5787,
02/09/2024,04:00:06 PM,SPY,02/16/2024,500,put,ask,501.11,250,$2.10,$52.5K,block,35737,7764,
02/09/2024,04:00:04 PM,SPY,02/23/2024,490,put,ask,501.09,904,$0.77,$69.6K,sweep,5216,5787,
02/09/2024,04:00:03 PM,SPY,02/16/2024,500,put,mid,501.08,199,$2.11,$42K,block,35487,7764,
02/09/2024,04:00:03 PM,SPY,02/14/2024,502,call,ask,501.08,305,$1.88,$57.3K,sweep,13940,5319,
02/09/2024,04:00:03 PM,SPY,02/16/2024,501,call,mid,501.08,209,$3.16,$66.1K,sweep,38671,37848,
02/09/2024,04:00:02 PM,SPY,02/15/2024,502,call,above,501.05,177,$2.30,$40.8K,sweep,4152,479,
02/09/2024,04:00:02 PM,SPY,02/16/2024,505,call,mid,501.05,465,$1.39,$64.7K,sweep,31993,17050,
02/09/2024,04:00:02 PM,SPY,02/12/2024,500,put,above,501.05,407,$0.66,$27.3K,sweep,95415,1413,
02/09/2024,04:00:02 PM,SPY,02/12/2024,501,put,above,501.06,536,$1.04,$55.8K,sweep,69773,59,opening
02/09/2024,04:00:02 PM,SPY,02/12/2024,503,call,mid,501.09,869,$0.40,$35.6K,sweep,63044,1294,
02/09/2024,04:00:02 PM,SPY,02/12/2024,502,call,mid,501.09,535,$0.72,$38.7K,sweep,76685,3056,
02/09/2024,04:00:02 PM,SPY,02/12/2024,501,call,mid,501.09,804,$1.18,$95.2K,sweep,129406,3705,
02/09/2024,04:00:02 PM,SPY,02/16/2024,501,call,bid,501.09,198,$3.17,$62.8K,sweep,38462,37848,
02/09/2024,04:00:01 PM,SPY,02/14/2024,500,put,mid,501.08,177,$1.66,$29.5K,sweep,12325,453,
02/09/2024,04:00:01 PM,SPY,02/13/2024,504,call,mid,501.10,368,$0.80,$29.7K,sweep,9478,1528,
02/09/2024,04:00:00 PM,SPY,02/16/2024,501,call,below,501.17,500,$3.19,$159.6K,sweep,38263,37848,
02/09/2024,03:59:58 PM,SPY,05/17/2024,450,put,ask,501.11,215,$2.24,$48.2K,sweep,1466,7650,
02/09/2024,03:59:53 PM,SPY,01/17/2025,505,put,ask,501.23,200,$23.67,$473.4K,block,228,2477,
02/09/2024,03:59:48 PM,SPY,02/16/2024,502,call,mid,501.20,160,$2.70,$43.4K,sweep,18947,10107,
02/09/2024,03:59:44 PM,SPY,02/12/2024,501,put,bid,501.25,405,$0.95,$38.5K,sweep,68960,59,opening
02/09/2024,03:59:36 PM,SPY,04/19/2024,524,call,ask,501.19,303,$2.87,$87K,sweep,311,285,opening
02/09/2024,03:59:36 PM,SPY,03/15/2024,515,call,ask,501.19,264,$2.27,$59.9K,sweep,7332,13002,
02/09/2024,03:59:34 PM,SPY,02/12/2024,501,call,above,501.15,312,$1.24,$39K,sweep,127696,3705,
02/09/2024,03:59:34 PM,SPY,03/15/2024,494,put,bid,501.15,200,$3.67,$73.4K,sweep,3968,5745,
02/09/2024,03:59:31 PM,SPY,02/09/2024,500,call,above,501.17,208,$1.21,$25.3K,sweep,563892,45384,
02/09/2024,03:59:29 PM,SPY,02/12/2024,501,call,mid,501.16,204,$1.24,$25.3K,sweep,127273,3705,
02/09/2024,03:59:25 PM,SPY,02/16/2024,502,put,bid,501.14,167,$3.00,$50.1K,sweep,6607,385,
02/09/2024,03:59:23 PM,SPY,02/16/2024,500,put,mid,501.13,215,$2.10,$45.2K,sweep,35155,7764,
02/09/2024,03:59:18 PM,SPY,03/15/2024,470,put,ask,501.15,1000,$0.92,$92K,sweep,11911,65385,
02/09/2024,03:59:17 PM,SPY,02/12/2024,500,call,ask,501.12,304,$1.85,$56.2K,sweep,173636,9704,
02/09/2024,03:59:12 PM,SPY,04/19/2024,525,call,ask,501.08,2000,$2.64,$528K,sweep,3454,6117,
02/09/2024,03:59:02 PM,SPY,02/23/2024,498,put,bid,501.06,185,$2.25,$41.6K,split,2747,6373,
02/09/2024,03:59:01 PM,SPY,04/19/2024,490,put,ask,501.06,207,$5.31,$109.9K,sweep,7791,9654,
02/09/2024,03:58:52 PM,SPY,02/16/2024,502,call,ask,501.09,186,$2.66,$49.5K,sweep,18586,10107,
02/09/2024,03:58:52 PM,SPY,02/16/2024,501,call,ask,501.08,200,$3.19,$63.8K,block,37364,37848,
02/09/2024,03:58:30 PM,SPY,02/09/2024,500,call,ask,501.07,788,$1.09,$85.9K,block,563074,45384,
02/09/2024,03:58:16 PM,SPY,03/15/2024,494,put,bid,501.00,200,$3.72,$74.4K,sweep,3761,5745,
02/09/2024,03:58:09 PM,SPY,02/12/2024,501,call,mid,501.06,216,$1.21,$26.2K,sweep,126342,3705,
02/09/2024,03:57:58 PM,SPY,12/20/2024,270,put,ask,501.06,500,$1.07,$53.5K,sweep,537,11253,
02/09/2024,03:57:43 PM,SPY,02/13/2024,502,put,ask,501.02,200,$2.37,$47.4K,block,6700,472,
02/09/2024,03:57:40 PM,SPY,02/29/2024,512,call,ask,501.00,232,$1.30,$30.2K,sweep,1095,3626,
02/09/2024,03:57:21 PM,SPY,02/16/2024,505,call,ask,501.06,239,$1.42,$33.9K,sweep,31363,17050,
02/09/2024,03:57:17 PM,SPY,02/12/2024,501,put,ask,501.06,400,$1.08,$43.2K,sweep,67243,59,opening
02/09/2024,03:57:08 PM,SPY,02/09/2024,501,call,bid,501.07,1271,$0.22,$28K,sweep,408052,19179,
02/09/2024,03:57:08 PM,SPY,02/16/2024,501,call,ask,501.07,161,$3.19,$51.4K,sweep,36855,37848,
02/09/2024,03:57:06 PM,SPY,02/16/2024,503,call,ask,501.06,216,$2.18,$47.1K,sweep,13858,1550,
02/09/2024,03:57:05 PM,SPY,02/16/2024,498,put,ask,501.06,174,$1.48,$25.8K,sweep,20153,5474,
02/09/2024,03:57:04 PM,SPY,02/16/2024,500,put,ask,501.08,384,$2.14,$82.2K,sweep,34634,7764,
02/09/2024,03:57:00 PM,SPY,02/16/2024,498,put,ask,501.07,261,$1.47,$38.4K,sweep,19979,5474,
02/09/2024,03:56:51 PM,SPY,02/12/2024,501,call,mid,501.15,241,$1.24,$30.1K,sweep,125715,3705,
02/09/2024,03:56:51 PM,SPY,12/20/2024,250,put,ask,501.15,1749,$0.86,$150.4K,block,1749,13430,
02/09/2024,03:56:36 PM,SPY,02/16/2024,501,call,mid,501.05,164,$3.16,$51.8K,sweep,36691,37848,
02/09/2024,03:56:30 PM,SPY,02/16/2024,501,put,ask,501.10,214,$2.54,$54.4K,sweep,15094,618,
02/09/2024,03:56:23 PM,SPY,02/12/2024,501,call,bid,501.18,248,$1.26,$31.5K,sweep,124976,3705,
02/09/2024,03:56:16 PM,SPY,09/20/2024,250,put,ask,501.20,1000,$0.50,$50K,split,1020,1719,
02/09/2024,03:56:05 PM,SPY,02/12/2024,501,call,ask,501.17,203,$1.27,$25.8K,sweep,124612,3705,
02/09/2024,03:56:03 PM,SPY,08/16/2024,300,put,ask,501.21,500,$0.67,$33.5K,sweep,728,527,
02/09/2024,03:55:59 PM,SPY,02/13/2024,502,call,ask,501.21,400,$1.62,$64.8K,sweep,21673,3132,
02/09/2024,03:55:57 PM,SPY,02/09/2024,500,call,ask,501.22,344,$1.22,$42K,block,561449,45384,
02/09/2024,03:55:56 PM,SPY,02/12/2024,502,call,ask,501.19,1399,$0.79,$110.5K,sweep,73341,3056,
02/09/2024,03:55:56 PM,SPY,02/12/2024,503,call,ask,501.19,3027,$0.46,$139.2K,sweep,61061,1294,opening
02/09/2024,03:55:56 PM,SPY,02/12/2024,499,put,ask,501.19,672,$0.41,$27.6K,sweep,80923,4037,
02/09/2024,03:55:53 PM,SPY,02/12/2024,502,call,bid,501.19,500,$0.78,$39K,sweep,71936,3056,
02/09/2024,03:55:45 PM,SPY,07/19/2024,300,put,ask,501.21,1000,$0.50,$50K,block,1056,1409,
02/09/2024,03:55:28 PM,SPY,02/13/2024,502,call,bid,501.20,171,$1.60,$27.4K,sweep,21459,3132,
02/09/2024,03:55:26 PM,SPY,02/16/2024,503,put,ask,501.19,175,$3.51,$61.4K,sweep,870,7,opening
02/09/2024,03:55:24 PM,SPY,02/12/2024,500,put,bid,501.20,700,$0.63,$44.1K,sweep,93501,1413,
02/09/2024,03:55:23 PM,SPY,02/12/2024,502,call,bid,501.19,448,$0.79,$35.4K,sweep,71103,3056,
02/09/2024,03:55:19 PM,SPY,03/15/2024,492,put,ask,501.19,200,$3.18,$63.6K,block,5159,3663,
02/09/2024,03:55:17 PM,SPY,02/12/2024,502,call,below,501.28,320,$0.80,$25.7K,sweep,70615,3056,
02/09/2024,03:55:16 PM,SPY,06/28/2024,300,put,ask,501.28,1000,$0.39,$39K,sweep,1075,1405,
02/09/2024,03:55:14 PM,SPY,02/12/2024,501,call,mid,501.29,214,$1.32,$28.4K,sweep,123852,3705,
02/09/2024,03:55:12 PM,SPY,02/13/2024,502,call,bid,501.24,198,$1.62,$32.1K,sweep,21272,3132,
02/09/2024,03:55:11 PM,SPY,02/12/2024,501,call,above,501.21,686,$1.30,$89.3K,sweep,123638,3705,
02/09/2024,03:55:11 PM,SPY,02/09/2024,501,call,mid,501.21,711,$0.36,$25.8K,sweep,403804,19179,
02/09/2024,03:55:10 PM,SPY,02/16/2024,505,call,mid,501.18,400,$1.43,$57.2K,block,31055,17050,
02/09/2024,03:55:10 PM,SPY,06/21/2024,405,put,bid,501.16,537,$1.48,$79.5K,sweep,7559,25272,
02/09/2024,03:55:08 PM,SPY,03/15/2024,496,call,ask,501.11,200,$11.39,$227.8K,sweep,396,3785,
02/09/2024,03:55:07 PM,SPY,06/21/2024,300,put,ask,501.11,1000,$0.35,$35K,sweep,1139,35281,
02/09/2024,03:55:05 PM,SPY,02/12/2024,501,call,mid,501.12,236,$1.23,$29K,sweep,122830,3705,
02/09/2024,03:55:02 PM,SPY,02/09/2024,500,call,mid,501.14,712,$1.14,$81.9K,sweep,560607,45384,
02/09/2024,03:55:00 PM,SPY,02/12/2024,502,call,above,501.00,559,$0.75,$41.9K,sweep,70211,3056,
02/09/2024,03:54:50 PM,SPY,02/12/2024,501,call,ask,500.92,352,$1.14,$40.1K,sweep,122281,3705,
02/09/2024,03:54:31 PM,SPY,12/20/2024,360,put,ask,500.96,1000,$2.95,$295K,sweep,1176,9508,
02/09/2024,03:54:28 PM,SPY,02/16/2024,504,call,below,501.02,158,$1.72,$27.3K,sweep,14522,41862,
02/09/2024,03:54:01 PM,SPY,03/15/2024,510,call,bid,500.99,150,$3.69,$55.4K,sweep,7869,16376,
02/09/2024,03:53:51 PM,SPY,02/16/2024,505,call,bid,501.04,263,$1.40,$36.8K,split,30243,17050,
02/09/2024,03:53:34 PM,SPY,02/12/2024,501,call,ask,501.03,264,$1.20,$31.7K,sweep,121392,3705,
02/09/2024,03:53:34 PM,SPY,02/16/2024,500,put,ask,501.03,350,$2.15,$75.3K,sweep,33711,7764,
02/09/2024,03:53:24 PM,SPY,02/16/2024,495,put,ask,501.06,350,$0.83,$29.1K,sweep,35726,13400,
02/09/2024,03:53:22 PM,SPY,02/12/2024,501,call,mid,501.10,234,$1.22,$28.8K,sweep,121101,3705,
02/09/2024,03:53:14 PM,SPY,02/14/2024,502,call,ask,501.14,200,$1.94,$38.8K,split,13431,5319,
02/09/2024,03:53:09 PM,SPY,02/16/2024,501,call,ask,501.08,500,$3.19,$159.5K,split,36100,37848,
02/09/2024,03:53:08 PM,SPY,02/13/2024,499,put,ask,501.12,306,$1.05,$32.1K,sweep,15088,1478,
02/09/2024,03:53:08 PM,SPY,02/12/2024,500,call,bid,501.12,153,$1.85,$28.3K,sweep,171893,9704,
02/09/2024,03:53:06 PM,SPY,02/16/2024,505,call,mid,501.13,400,$1.42,$56.8K,block,29907,17050,
02/09/2024,03:52:46 PM,SPY,06/21/2024,451,put,bid,501.02,155,$3.46,$53.6K,sweep,1187,2496,
02/09/2024,03:52:46 PM,SPY,02/23/2024,499,put,bid,501.03,250,$2.60,$65K,sweep,2717,2519,
02/09/2024,03:52:40 PM,SPY,02/09/2024,501,call,bid,500.97,1182,$0.22,$27.2K,sweep,398167,19179,
02/09/2024,03:52:24 PM,SPY,04/30/2024,448,put,bid,501.00,1000,$1.57,$157K,sweep,1034,498,opening
02/09/2024,03:52:19 PM,SPY,06/21/2024,454,put,bid,501.03,152,$3.69,$56.1K,block,315,422,
02/09/2024,03:52:18 PM,SPY,06/21/2024,444,put,bid,501.03,322,$3.00,$96.6K,sweep,335,1149,
02/09/2024,03:52:17 PM,SPY,04/30/2024,442,put,ask,501.05,900,$1.36,$122.4K,sweep,903,1181,
02/09/2024,03:52:12 PM,SPY,02/16/2024,505,call,bid,501.01,258,$1.40,$36.1K,split,29421,17050,
02/09/2024,03:52:11 PM,SPY,02/16/2024,497,put,ask,501.04,281,$1.22,$34.3K,sweep,22969,5058,
02/09/2024,03:52:05 PM,SPY,06/20/2025,595,call,ask,501.06,150,$7.98,$119.7K,sweep,673,3870,
02/09/2024,03:52:03 PM,SPY,02/12/2024,501,call,above,501.00,215,$1.20,$25.9K,sweep,119285,3705,
02/09/2024,03:52:01 PM,SPY,02/12/2024,501,call,mid,500.97,339,$1.17,$39.7K,sweep,119065,3705,
02/09/2024,03:52:00 PM,SPY,02/12/2024,500,call,above,500.91,194,$1.74,$33.9K,sweep,171428,9704,
02/09/2024,03:51:56 PM,SPY,02/13/2024,502,put,mid,500.88,200,$2.43,$48.7K,split,5801,472,
02/09/2024,03:51:55 PM,SPY,02/13/2024,498,put,ask,500.90,789,$0.84,$66.3K,split,16393,3478,
02/09/2024,03:51:54 PM,SPY,02/13/2024,498,put,bid,500.92,511,$0.84,$42.9K,sweep,15604,3478,
02/09/2024,03:51:50 PM,SPY,03/01/2024,494,put,ask,500.91,170,$2.07,$35.2K,split,1537,2591,
02/09/2024,03:51:44 PM,SPY,02/23/2024,498,put,bid,500.91,185,$2.31,$42.7K,sweep,2505,6373,
02/09/2024,03:51:19 PM,SPY,03/22/2024,478,put,bid,500.87,1156,$1.86,$215K,sweep,1177,38,opening
02/09/2024,03:51:03 PM,SPY,02/16/2024,500,call,bid,500.85,151,$3.65,$55.1K,sweep,91873,31444,
02/09/2024,03:51:00 PM,SPY,02/12/2024,501,call,mid,500.91,305,$1.13,$34.7K,sweep,117948,3705,
02/09/2024,03:50:41 PM,SPY,02/09/2024,500,call,mid,500.91,981,$0.94,$93.2K,sweep,556840,45384,
02/09/2024,03:50:32 PM,SPY,03/15/2024,494,put,bid,500.86,200,$3.75,$75K,sweep,3530,5745,
02/09/2024,03:50:21 PM,SPY,02/16/2024,501,call,bid,500.79,1000,$3.02,$302K,sweep,35470,37848,
02/09/2024,03:50:15 PM,SPY,06/28/2024,520,call,ask,500.74,1490,$9.62,$1.4M,split,7766,5457,
02/09/2024,03:50:13 PM,SPY,02/12/2024,501,call,mid,500.72,239,$1.05,$25.2K,sweep,117304,3705,
02/09/2024,03:50:03 PM,SPY,02/14/2024,502,call,bid,500.73,201,$1.74,$35K,sweep,13206,5319,
02/09/2024,03:49:44 PM,SPY,02/16/2024,502,call,ask,500.82,500,$2.53,$126.5K,sweep,17400,10107,
02/09/2024,03:49:05 PM,SPY,06/28/2024,520,call,ask,500.86,710,$9.66,$685.9K,block,6176,5457,
02/09/2024,03:48:45 PM,SPY,02/16/2024,503,call,bid,500.81,204,$2.07,$42.2K,sweep,13062,1550,
02/09/2024,03:48:41 PM,SPY,06/28/2024,520,call,ask,500.81,2000,$9.66,$1.9M,split,5466,5457,
02/09/2024,03:48:14 PM,SPY,02/14/2024,502,put,bid,500.80,217,$2.77,$60.1K,sweep,3278,22,opening
02/09/2024,03:48:11 PM,SPY,03/15/2024,516,call,ask,500.81,485,$1.95,$94.6K,block,1998,4281,
02/09/2024,03:48:03 PM,SPY,04/19/2024,471,put,bid,500.83,400,$2.59,$103.6K,split,748,13954,
02/09/2024,03:47:56 PM,SPY,02/15/2024,509,call,bid,500.80,1477,$0.32,$47.3K,sweep,1809,69,opening
02/09/2024,03:47:26 PM,SPY,02/16/2024,500,put,ask,500.85,300,$2.23,$66.9K,split,32549,7764,
02/09/2024,03:46:46 PM,SPY,02/16/2024,502,put,ask,500.87,183,$3.17,$58K,sweep,5474,385,
02/09/2024,03:46:39 PM,SPY,02/29/2024,513,call,bid,500.87,275,$1.10,$30.3K,sweep,352,323,
02/09/2024,03:46:37 PM,SPY,02/20/2024,506,call,ask,500.85,198,$1.37,$27.1K,sweep,922,486,
02/09/2024,03:46:37 PM,SPY,02/12/2024,502,call,ask,500.78,374,$0.67,$25.1K,sweep,66569,3056,
02/09/2024,03:46:37 PM,SPY,02/16/2024,502,put,mid,500.78,208,$3.20,$66.7K,sweep,5291,385,
02/09/2024,03:46:37 PM,SPY,02/16/2024,501,call,ask,500.78,222,$3.04,$67.5K,sweep,34366,37848,
02/09/2024,03:46:37 PM,SPY,02/16/2024,500,call,ask,500.78,249,$3.61,$89.9K,sweep,91505,31444,
02/09/2024,03:46:36 PM,SPY,02/12/2024,501,call,above,500.78,346,$1.08,$37.6K,sweep,115348,3705,
02/09/2024,03:46:30 PM,SPY,03/15/2024,508,put,ask,500.80,200,$9.93,$198.6K,block,211,26,opening
02/09/2024,03:45:58 PM,SPY,02/09/2024,502,put,bid,500.75,201,$1.26,$25.3K,block,68056,964,
02/09/2024,03:45:50 PM,SPY,02/16/2024,505,call,ask,500.77,400,$1.35,$54K,sweep,28412,17050,
02/09/2024,03:45:50 PM,SPY,02/21/2024,505,call,bid,500.77,159,$1.95,$31K,block,5982,0,opening
02/09/2024,03:45:43 PM,SPY,02/12/2024,501,put,bid,500.79,214,$1.22,$26.1K,sweep,61796,59,opening
02/09/2024,03:45:42 PM,SPY,03/15/2024,485,put,ask,500.82,2495,$2.08,$519K,sweep,27388,53027,
02/09/2024,03:45:36 PM,SPY,02/12/2024,501,call,mid,500.85,312,$1.11,$34.9K,sweep,114585,3705,
02/09/2024,03:45:34 PM,SPY,02/12/2024,500,call,ask,500.82,200,$1.69,$33.8K,sweep,170580,9704,
02/09/2024,03:45:33 PM,SPY,02/16/2024,504,call,mid,500.80,156,$1.69,$26.4K,sweep,13910,41862,
02/09/2024,03:45:32 PM,SPY,02/16/2024,501,call,ask,500.78,253,$3.03,$76.7K,sweep,34061,37848,
02/09/2024,03:45:29 PM,SPY,02/13/2024,499,put,bid,500.77,320,$1.16,$37.1K,block,14538,1478,
02/09/2024,03:45:25 PM,SPY,02/14/2024,500,put,mid,500.74,200,$1.82,$36.4K,block,11266,453,
02/09/2024,03:45:08 PM,SPY,02/09/2024,501,put,below,500.77,769,$0.39,$30.4K,sweep,222888,1621,
02/09/2024,03:44:59 PM,SPY,02/09/2024,502,put,mid,500.79,323,$1.23,$40K,sweep,67525,964,
02/09/2024,03:44:58 PM,SPY,02/12/2024,500,put,mid,500.79,582,$0.79,$46.5K,sweep,87823,1413,
02/09/2024,03:44:53 PM,SPY,02/13/2024,490,put,ask,500.80,20151,$0.12,$241.8K,sweep,30778,2076,opening highly_un
02/09/2024,03:44:53 PM,SPY,02/13/2024,490,put,ask,500.80,8053,$0.12,$96.6K,sweep,31276,2076,opening highly_un
02/09/2024,03:44:41 PM,SPY,02/16/2024,500,call,mid,500.79,500,$3.60,$180K,sweep,90022,31444,
02/09/2024,03:44:37 PM,SPY,02/16/2024,505,call,bid,500.79,205,$1.35,$27.7K,split,27837,17050,
02/09/2024,03:44:34 PM,SPY,02/12/2024,501,put,ask,500.79,206,$1.23,$25.3K,sweep,60743,59,opening
02/09/2024,03:44:27 PM,SPY,02/13/2024,500,put,ask,500.79,200,$1.51,$30.4K,sweep,21538,1969,
02/09/2024,03:44:27 PM,SPY,02/12/2024,501,put,mid,500.79,301,$1.22,$36.7K,sweep,60509,59,opening
02/09/2024,03:44:27 PM,SPY,02/16/2024,502,call,bid,500.79,200,$2.52,$50.4K,sweep,16507,10107,
02/09/2024,03:44:25 PM,SPY,02/12/2024,501,put,ask,500.83,517,$1.21,$62.6K,sweep,60207,59,opening
02/09/2024,03:44:20 PM,SPY,02/21/2024,505,call,bid,500.84,228,$1.97,$44.9K,sweep,5823,0,opening
02/09/2024,03:44:20 PM,SPY,02/12/2024,502,put,ask,500.84,218,$1.79,$39K,sweep,13121,385,
02/09/2024,03:44:15 PM,SPY,02/16/2024,504,call,bid,500.85,200,$1.71,$34.2K,split,13642,41862,
02/09/2024,03:44:11 PM,SPY,02/12/2024,501,call,mid,500.82,297,$1.10,$32.8K,sweep,113496,3705,
02/09/2024,03:44:08 PM,SPY,02/13/2024,487,put,ask,500.87,29611,$0.08,$236.9K,sweep,30763,954,opening highly_un
02/09/2024,03:44:02 PM,SPY,02/16/2024,504,call,bid,500.84,300,$1.70,$51K,block,13442,41862,
02/09/2024,03:43:33 PM,SPY,02/12/2024,501,put,ask,500.84,341,$1.20,$40.9K,sweep,59219,59,opening
02/09/2024,03:43:18 PM,SPY,02/16/2024,492,put,ask,500.90,811,$0.49,$39.7K,block,28088,15264,
02/09/2024,03:43:18 PM,SPY,02/16/2024,492,put,ask,500.90,19042,$0.48,$932.9K,sweep,31410,15264,opening
02/09/2024,03:43:17 PM,SPY,04/19/2024,496,put,bid,500.91,246,$6.98,$171.7K,split,752,1059,
02/09/2024,03:43:05 PM,SPY,02/09/2024,499,call,bid,500.84,200,$1.84,$36.8K,block,231713,24621,
02/09/2024,03:42:19 PM,SPY,03/01/2024,483,put,bid,500.93,529,$0.75,$39.7K,sweep,1343,11294,
02/09/2024,03:42:19 PM,SPY,03/15/2024,470,put,bid,500.93,993,$0.92,$91.4K,sweep,10772,65385,
02/09/2024,03:42:19 PM,SPY,03/15/2024,469,put,bid,500.93,963,$0.88,$84.7K,sweep,1661,7451,
02/09/2024,03:42:12 PM,SPY,02/12/2024,498,put,ask,500.88,2105,$0.31,$65.3K,sweep,51821,4773,
02/09/2024,03:41:36 PM,SPY,02/12/2024,501,put,ask,500.93,300,$1.16,$34.8K,sweep,58115,59,opening
02/09/2024,03:41:31 PM,SPY,12/20/2024,350,put,mid,500.92,200,$2.62,$52.4K,block,424,17377,
02/09/2024,03:41:30 PM,SPY,02/09/2024,499,call,bid,500.97,425,$1.97,$83.7K,sweep,231470,24621,
02/09/2024,03:41:30 PM,SPY,02/15/2024,502,put,ask,500.97,150,$2.88,$43.2K,sweep,982,33,opening
02/09/2024,03:41:16 PM,SPY,08/16/2024,460,put,bid,501.00,627,$6.42,$402.5K,sweep,3675,5693,
02/09/2024,03:40:48 PM,SPY,03/15/2024,495,put,ask,501.00,186,$3.99,$74.2K,split,8584,8674,
02/09/2024,03:40:26 PM,SPY,02/16/2024,501,put,ask,501.03,157,$2.58,$40.5K,sweep,14031,618,
02/09/2024,03:40:20 PM,SPY,02/16/2024,496,put,ask,501.02,460,$0.99,$45.5K,sweep,12923,3791,
02/09/2024,03:40:15 PM,SPY,02/16/2024,503,call,mid,501.02,391,$2.16,$84.5K,block,12518,1550,
02/09/2024,03:39:38 PM,SPY,02/16/2024,505,call,bid,500.99,400,$1.40,$56K,sweep,27386,17050,
02/09/2024,03:39:16 PM,SPY,03/08/2024,502,put,bid,500.99,250,$5.50,$137.5K,block,4427,54,opening
02/09/2024,03:39:05 PM,SPY,02/12/2024,501,call,ask,500.96,262,$1.17,$30.9K,sweep,110822,3705,
02/09/2024,03:38:32 PM,SPY,02/23/2024,501,put,bid,500.96,250,$3.44,$86K,block,3406,72,opening
02/09/2024,03:37:51 PM,SPY,05/17/2024,465,put,bid,501.00,500,$3.26,$163K,sweep,4400,16784,
02/09/2024,03:37:39 PM,SPY,02/23/2024,501,put,bid,501.00,286,$3.42,$97.8K,split,3152,72,opening
02/09/2024,03:37:31 PM,SPY,02/23/2024,500,put,ask,501.01,236,$2.99,$70.6K,block,6315,2934,
02/09/2024,03:37:28 PM,SPY,02/09/2024,500,call,bid,501.04,601,$1.07,$64.3K,sweep,551108,45384,
02/09/2024,03:37:23 PM,SPY,03/08/2024,505,call,ask,501.06,175,$4.97,$87K,sweep,4766,7777,
02/09/2024,03:37:13 PM,SPY,02/16/2024,505,call,ask,501.00,262,$1.41,$36.9K,sweep,26917,17050,
02/09/2024,03:36:57 PM,SPY,02/16/2024,505,call,ask,500.97,180,$1.40,$25.2K,sweep,26550,17050,
02/09/2024,03:36:00 PM,SPY,04/19/2024,468,put,bid,500.95,405,$2.32,$94K,split,1143,12672,
02/09/2024,03:35:58 PM,SPY,03/01/2024,490,put,ask,500.95,375,$1.39,$52.1K,sweep,5871,5833,
02/09/2024,03:35:57 PM,SPY,06/21/2024,459,put,bid,500.95,199,$4.11,$81.8K,sweep,873,269,
02/09/2024,03:35:21 PM,SPY,02/16/2024,501,call,ask,500.92,500,$3.10,$155K,sweep,33261,37848,
02/09/2024,03:35:00 PM,SPY,02/09/2024,501,call,bid,500.86,2528,$0.22,$55.6K,sweep,380180,19179,
02/09/2024,03:34:54 PM,SPY,02/12/2024,501,call,bid,500.89,388,$1.14,$44.2K,sweep,109059,3705,
02/09/2024,03:34:39 PM,SPY,06/21/2024,455,put,bid,500.92,203,$3.77,$76.5K,block,657,22124,
02/09/2024,03:34:05 PM,SPY,02/16/2024,499,put,bid,500.88,200,$1.82,$36.4K,block,19162,3202,
02/09/2024,03:33:57 PM,SPY,02/16/2024,501,call,ask,500.93,500,$3.11,$155.5K,sweep,32758,37848,
02/09/2024,03:33:50 PM,SPY,02/09/2024,502,put,below,500.97,301,$1.05,$31.7K,sweep,64799,964,
02/09/2024,03:33:40 PM,SPY,02/12/2024,502,put,bid,500.90,265,$1.72,$45.6K,sweep,12046,385,
02/09/2024,03:33:36 PM,SPY,02/16/2024,500,put,ask,500.89,201,$2.21,$44.4K,sweep,31155,7764,
02/09/2024,03:33:24 PM,SPY,04/19/2024,527,call,ask,500.90,200,$2.21,$44.2K,split,208,112,opening
02/09/2024,03:33:24 PM,SPY,02/12/2024,501,put,mid,500.87,212,$1.18,$25.2K,sweep,56130,59,opening
02/09/2024,03:33:17 PM,SPY,02/12/2024,501,put,mid,500.82,305,$1.21,$37K,sweep,55890,59,opening
02/09/2024,03:32:58 PM,SPY,02/12/2024,501,put,mid,500.88,474,$1.18,$55.9K,sweep,55284,59,opening
02/09/2024,03:32:53 PM,SPY,02/16/2024,505,call,ask,500.84,800,$1.37,$109.6K,sweep,26195,17050,
02/09/2024,03:32:51 PM,SPY,02/12/2024,500,call,bid,500.84,499,$1.68,$83.8K,split,169268,9704,
02/09/2024,03:32:44 PM,SPY,02/16/2024,499,put,ask,500.86,206,$1.83,$37.7K,sweep,18852,3202,
02/09/2024,03:32:41 PM,SPY,02/16/2024,505,call,ask,500.87,406,$1.37,$55.6K,sweep,25252,17050,
02/09/2024,03:32:40 PM,SPY,02/09/2024,500,call,bid,500.86,2092,$0.91,$192.4K,sweep,548797,45384,
02/09/2024,03:32:38 PM,SPY,02/09/2024,499,call,bid,500.87,288,$1.88,$54.1K,sweep,230624,24621,
02/09/2024,03:32:38 PM,SPY,02/12/2024,501,put,mid,500.90,435,$1.17,$51K,sweep,54665,59,opening
02/09/2024,03:32:32 PM,SPY,02/09/2024,501,put,mid,500.87,2000,$0.35,$70K,sweep,211409,1621,opening
02/09/2024,03:32:31 PM,SPY,02/09/2024,500,call,bid,500.87,414,$0.92,$38.1K,sweep,546583,45384,
02/09/2024,03:32:25 PM,SPY,02/16/2024,502,put,bid,500.89,300,$3.14,$94.2K,split,4554,385,
02/09/2024,03:32:12 PM,SPY,02/13/2024,502,call,bid,500.92,261,$1.50,$39.2K,split,19469,3132,
02/09/2024,03:32:05 PM,SPY,02/09/2024,500,call,mid,500.94,293,$0.98,$28.8K,sweep,546050,45384,
02/09/2024,03:31:55 PM,SPY,02/16/2024,493,put,ask,500.94,3112,$0.56,$174.3K,sweep,17597,14379,
02/09/2024,03:31:55 PM,SPY,02/16/2024,490,put,ask,500.94,794,$0.33,$26.2K,sweep,56959,36410,
02/09/2024,03:31:45 PM,SPY,02/09/2024,500,call,bid,500.95,591,$1.00,$59.7K,sweep,545619,45384,
02/09/2024,03:31:34 PM,SPY,02/09/2024,502,put,ask,500.99,627,$1.05,$65.8K,sweep,63450,964,
02/09/2024,03:31:15 PM,SPY,02/16/2024,501,call,bid,501.01,500,$3.14,$157K,sweep,32165,37848,
02/09/2024,03:31:05 PM,SPY,02/16/2024,505,call,bid,500.93,200,$1.40,$28K,block,24841,17050,
02/09/2024,03:30:48 PM,SPY,02/09/2024,499,call,bid,500.99,155,$2.00,$31K,sweep,229967,24621,
02/09/2024,03:29:05 PM,SPY,02/09/2024,502,put,bid,501.05,300,$0.99,$29.7K,sweep,61955,964,
02/09/2024,03:28:32 PM,SPY,02/23/2024,502,call,bid,501.02,174,$3.87,$67.3K,sweep,3623,66735,
02/09/2024,03:28:32 PM,SPY,02/16/2024,501,put,ask,501.02,153,$2.59,$39.6K,sweep,13589,618,
02/09/2024,03:28:01 PM,SPY,02/16/2024,499,put,ask,501.10,200,$1.75,$35K,block,18615,3202,
02/09/2024,03:27:45 PM,SPY,02/16/2024,503,put,above,501.04,175,$3.63,$63.5K,sweep,643,7,opening
02/09/2024,03:27:36 PM,SPY,02/16/2024,505,call,ask,501.03,234,$1.42,$33.2K,sweep,24428,17050,
02/09/2024,03:27:05 PM,SPY,04/19/2024,465,put,mid,501.05,300,$2.10,$63K,block,2337,49031,
02/09/2024,03:26:44 PM,SPY,02/09/2024,500,call,mid,501.05,549,$1.09,$60.2K,sweep,541999,45384,
02/09/2024,03:26:24 PM,SPY,02/16/2024,505,call,mid,501.13,270,$1.44,$39.1K,sweep,23903,17050,
02/09/2024,03:26:15 PM,SPY,02/16/2024,505,call,ask,501.14,395,$1.45,$57.3K,sweep,23632,17050,
02/09/2024,03:25:32 PM,SPY,02/09/2024,502,put,ask,501.08,503,$0.99,$50.3K,sweep,60572,964,
02/09/2024,03:25:15 PM,SPY,02/21/2024,505,call,bid,501.11,198,$2.06,$40.8K,sweep,5517,0,opening
02/09/2024,03:25:09 PM,SPY,02/29/2024,495,put,bid,501.19,200,$2.08,$41.6K,split,2439,4763,
02/09/2024,03:24:54 PM,SPY,02/16/2024,505,call,bid,501.15,250,$1.45,$36.3K,block,23133,17050,
02/09/2024,03:24:23 PM,SPY,02/21/2024,505,call,bid,501.09,176,$2.05,$36.1K,split,5319,0,opening
02/09/2024,03:24:11 PM,SPY,02/09/2024,502,put,mid,501.14,300,$0.92,$27.7K,sweep,59808,964,
02/09/2024,03:23:48 PM,SPY,02/16/2024,501,call,mid,501.09,520,$3.18,$165.4K,sweep,31112,37848,
02/09/2024,03:23:33 PM,SPY,02/09/2024,504,put,bid,501.08,160,$2.92,$46.7K,sweep,1025,48,opening unusual
02/09/2024,03:23:12 PM,SPY,04/30/2024,490,put,ask,501.06,200,$5.90,$118K,sweep,793,5690,
02/09/2024,03:23:06 PM,SPY,06/21/2024,540,call,bid,501.08,165,$3.48,$57.4K,block,698,10457,
02/09/2024,03:23:03 PM,SPY,06/21/2024,540,call,bid,501.10,264,$3.48,$91.9K,block,533,10457,
02/09/2024,03:22:53 PM,SPY,02/09/2024,502,put,mid,501.13,602,$0.94,$56.6K,sweep,59118,964,
02/09/2024,03:22:52 PM,SPY,02/09/2024,499,call,bid,501.14,302,$2.14,$64.6K,sweep,228738,24621,
02/09/2024,03:22:00 PM,SPY,03/15/2024,496,put,ask,501.27,174,$4.19,$72.9K,sweep,1977,4708,
02/09/2024,03:21:59 PM,SPY,02/15/2024,500,put,ask,501.27,200,$1.82,$36.4K,block,4823,1968,
02/09/2024,03:21:59 PM,SPY,03/15/2024,495,put,ask,501.27,204,$3.90,$79.6K,sweep,7911,8674,
02/09/2024,03:21:43 PM,SPY,05/17/2024,470,put,bid,501.26,278,$3.72,$103.4K,sweep,2701,7346,
02/09/2024,03:21:33 PM,SPY,05/17/2024,463,put,bid,501.26,152,$3.07,$46.7K,block,883,3170,
02/09/2024,03:21:33 PM,SPY,05/17/2024,462,put,bid,501.26,267,$2.99,$79.8K,sweep,498,1400,
02/09/2024,03:21:33 PM,SPY,04/19/2024,473,put,ask,501.27,4000,$2.71,$1.1M,sweep,8833,6792,
02/09/2024,03:21:28 PM,SPY,02/15/2024,500,put,ask,501.24,200,$1.83,$36.6K,block,4623,1968,
02/09/2024,03:21:00 PM,SPY,06/21/2024,459,put,bid,501.28,433,$4.07,$176.2K,sweep,674,269,opening
02/09/2024,03:21:00 PM,SPY,02/09/2024,501,call,ask,501.27,650,$0.47,$30.6K,sweep,359807,19179,
02/09/2024,03:20:51 PM,SPY,02/14/2024,500,put,ask,501.26,200,$1.62,$32.4K,sweep,10681,453,
02/09/2024,03:20:50 PM,SPY,02/16/2024,501,call,bid,501.27,1000,$3.27,$327K,sweep,30534,37848,
02/09/2024,03:20:48 PM,SPY,02/09/2024,502,put,mid,501.24,502,$0.84,$42.7K,sweep,58322,964,
02/09/2024,03:20:37 PM,SPY,02/16/2024,502,put,mid,501.23,300,$2.96,$88.8K,sweep,3808,385,
02/09/2024,03:20:09 PM,SPY,02/12/2024,501,call,mid,501.28,210,$1.34,$28.3K,sweep,105653,3705,
02/09/2024,03:20:09 PM,SPY,02/15/2024,500,put,ask,501.28,200,$1.82,$36.4K,block,4423,1968,
02/09/2024,03:19:23 PM,SPY,02/12/2024,501,call,bid,501.21,200,$1.31,$26.2K,sweep,105304,3705,
02/09/2024,03:19:15 PM,SPY,05/17/2024,511,put,ask,501.26,192,$15.11,$290.1K,sweep,413,0,opening
02/09/2024,03:19:12 PM,SPY,03/15/2024,494,put,ask,501.28,200,$3.62,$72.4K,block,3311,5745,
02/09/2024,03:19:01 PM,SPY,02/12/2024,501,call,ask,501.27,500,$1.35,$67.5K,sweep,105010,3705,
02/09/2024,03:18:59 PM,SPY,02/29/2024,503,call,bid,501.29,160,$4.56,$73K,split,421,769,
02/09/2024,03:18:45 PM,SPY,02/09/2024,500,call,bid,501.28,200,$1.31,$26.2K,split,539728,45384,
02/09/2024,03:18:03 PM,SPY,02/21/2024,505,call,bid,501.26,152,$2.11,$32.1K,split,5113,0,opening
02/09/2024,03:18:03 PM,SPY,02/16/2024,503,call,bid,501.27,150,$2.27,$34.1K,sweep,11663,1550,
02/09/2024,03:18:02 PM,SPY,02/09/2024,500,call,mid,501.30,207,$1.33,$27.7K,sweep,539439,45384,
02/09/2024,03:17:58 PM,SPY,02/09/2024,501,call,ask,501.30,547,$0.50,$27.4K,sweep,356507,19179,
02/09/2024,03:17:34 PM,SPY,02/22/2024,501,put,bid,501.27,175,$3.13,$54.8K,sweep,945,1,opening
02/09/2024,03:17:30 PM,SPY,02/12/2024,501,put,ask,501.27,403,$1.00,$40.7K,sweep,49502,59,opening
02/09/2024,03:17:21 PM,SPY,02/16/2024,499,put,bid,501.27,200,$1.69,$33.8K,block,18236,3202,
02/09/2024,03:17:11 PM,SPY,02/16/2024,505,call,bid,501.24,400,$1.47,$58.8K,block,22789,17050,
02/09/2024,03:17:05 PM,SPY,02/21/2024,505,call,bid,501.24,152,$2.10,$31.9K,split,4892,0,opening
02/09/2024,03:16:54 PM,SPY,02/22/2024,498,put,bid,501.27,203,$2.02,$41K,split,370,78,opening
02/09/2024,03:16:48 PM,SPY,02/22/2024,496,put,bid,501.25,200,$1.50,$30K,split,438,22,opening
02/09/2024,03:16:47 PM,SPY,02/09/2024,502,put,ask,501.23,600,$0.88,$52.8K,split,57324,964,
02/09/2024,03:16:33 PM,SPY,04/19/2024,470,put,bid,501.23,225,$2.44,$54.9K,sweep,5545,43984,
02/09/2024,03:16:33 PM,SPY,02/16/2024,505,call,ask,501.22,400,$1.47,$58.8K,block,22369,17050,
02/09/2024,03:16:26 PM,SPY,08/16/2024,460,put,bid,501.21,603,$6.39,$385.3K,sweep,3048,5693,
02/09/2024,03:16:10 PM,SPY,02/12/2024,500,call,ask,501.24,501,$1.97,$98.7K,sweep,167565,9704,
02/09/2024,03:16:09 PM,SPY,02/12/2024,500,call,bid,501.24,160,$1.94,$31K,sweep,167059,9704,
02/09/2024,03:16:04 PM,SPY,04/19/2024,468,put,bid,501.24,408,$2.28,$93K,split,693,12672,
02/09/2024,03:15:59 PM,SPY,02/16/2024,502,call,ask,501.21,200,$2.72,$54.4K,split,15316,10107,
02/09/2024,03:15:58 PM,SPY,02/16/2024,495,put,bid,501.22,994,$0.77,$76.5K,sweep,33106,13400,
02/09/2024,03:15:56 PM,SPY,02/16/2024,495,put,bid,501.22,1309,$0.78,$102.1K,block,32084,13400,
02/09/2024,03:15:54 PM,SPY,02/09/2024,501,put,mid,501.21,1025,$0.24,$25.6K,sweep,188851,1621,
02/09/2024,03:15:54 PM,SPY,02/16/2024,495,put,bid,501.21,1863,$0.78,$145.3K,sweep,30775,13400,
02/09/2024,03:15:53 PM,SPY,02/16/2024,495,put,bid,501.20,1481,$0.78,$115.5K,block,28912,13400,
02/09/2024,03:15:50 PM,SPY,04/19/2024,475,put,bid,501.19,200,$2.90,$58K,block,7279,18393,
02/09/2024,03:15:49 PM,SPY,02/16/2024,495,put,bid,501.19,1544,$0.78,$120.4K,sweep,27431,13400,
02/09/2024,03:15:49 PM,SPY,02/09/2024,499,call,above,501.19,257,$2.20,$56.6K,sweep,228150,24621,
02/09/2024,03:15:02 PM,SPY,02/13/2024,500,call,bid,501.11,200,$2.65,$53K,split,27367,5249,
02/09/2024,03:14:37 PM,SPY,02/09/2024,502,put,ask,501.10,305,$0.99,$30.2K,sweep,56499,964,
02/09/2024,03:13:45 PM,SPY,02/09/2024,502,put,above,501.03,300,$1.05,$31.6K,sweep,56031,964,
02/09/2024,03:13:09 PM,SPY,02/16/2024,504,call,bid,500.98,200,$1.74,$34.8K,block,12547,41862,
02/09/2024,03:13:03 PM,SPY,02/15/2024,500,put,above,500.98,200,$1.92,$38.4K,block,3960,1968,
02/09/2024,03:13:03 PM,SPY,02/16/2024,497,call,below,501.08,196,$5.80,$113.9K,split,7364,10391,
02/09/2024,03:13:03 PM,SPY,02/16/2024,501,put,above,501.08,263,$2.54,$67K,sweep,12984,618,
02/09/2024,03:12:44 PM,SPY,02/16/2024,505,call,bid,501.09,800,$1.43,$114.4K,sweep,21935,17050,
02/09/2024,03:12:38 PM,SPY,02/21/2024,505,call,bid,501.05,284,$2.03,$57.7K,block,4510,0,opening
02/09/2024,03:12:36 PM,SPY,02/09/2024,501,put,ask,501.09,1000,$0.31,$31K,sweep,185862,1621,
02/09/2024,03:12:27 PM,SPY,02/16/2024,495,put,bid,501.16,342,$0.77,$26.3K,block,25817,13400,
02/09/2024,03:12:27 PM,SPY,02/12/2024,501,call,mid,501.16,310,$1.28,$39.7K,sweep,102568,3705,
02/09/2024,03:12:15 PM,SPY,02/09/2024,501,call,bid,501.13,1005,$0.42,$42.2K,sweep,348636,19179,
02/09/2024,03:12:11 PM,SPY,02/15/2024,501,put,ask,501.13,200,$2.29,$45.8K,block,2664,35,opening
02/09/2024,03:12:08 PM,SPY,04/19/2024,475,put,bid,501.14,204,$2.90,$59.2K,split,7075,18393,
02/09/2024,03:12:06 PM,SPY,02/16/2024,498,put,mid,501.13,500,$1.41,$70.5K,block,18446,5474,
02/09/2024,03:12:04 PM,SPY,02/13/2024,502,call,ask,501.12,180,$1.60,$28.8K,block,18024,3132,
02/09/2024,03:12:03 PM,SPY,02/16/2024,498,put,ask,501.08,500,$1.42,$71K,sweep,17946,5474,
02/09/2024,03:11:52 PM,SPY,02/16/2024,503,call,ask,501.06,200,$2.17,$43.4K,block,11456,1550,
02/09/2024,03:11:42 PM,SPY,02/09/2024,500,call,below,501.16,211,$1.18,$25K,sweep,537021,45384,
02/09/2024,03:11:41 PM,SPY,02/16/2024,495,put,bid,501.16,458,$0.77,$35.3K,block,25465,13400,
02/09/2024,03:11:30 PM,SPY,02/16/2024,495,put,bid,501.16,1000,$0.77,$77K,block,25006,13400,
02/09/2024,03:11:25 PM,SPY,02/16/2024,494,put,bid,501.12,628,$0.64,$40.2K,sweep,13653,6757,
02/09/2024,03:11:19 PM,SPY,02/09/2024,501,put,bid,501.09,1099,$0.30,$33K,sweep,183666,1621,
02/09/2024,03:10:51 PM,SPY,02/13/2024,502,call,mid,501.10,200,$1.59,$31.8K,block,17795,3132,
02/09/2024,03:10:44 PM,SPY,02/09/2024,499,call,ask,501.08,150,$2.12,$31.8K,sweep,227671,24621,unusual
02/09/2024,03:10:25 PM,SPY,02/09/2024,501,call,mid,501.07,1192,$0.38,$46.5K,sweep,342933,19179,
02/09/2024,03:10:25 PM,SPY,02/12/2024,501,call,bid,501.08,205,$1.24,$25.4K,sweep,101210,3705,
02/09/2024,03:10:20 PM,SPY,02/16/2024,500,put,bid,501.09,200,$2.10,$42K,split,29877,7764,
02/09/2024,03:10:09 PM,SPY,02/12/2024,501,call,mid,501.05,205,$1.22,$25.2K,sweep,100940,3705,
02/09/2024,03:10:01 PM,SPY,02/23/2024,505,put,bid,501.02,970,$5.60,$543.2K,split,1262,70,opening
02/09/2024,03:08:01 PM,SPY,02/16/2024,497,put,ask,500.97,4537,$1.20,$544.4K,sweep,22016,5058,
02/09/2024,03:08:00 PM,SPY,02/12/2024,501,call,mid,500.99,242,$1.19,$28.8K,sweep,100171,3705,
02/09/2024,03:07:53 PM,SPY,02/16/2024,498,put,ask,501.01,200,$1.45,$29K,block,17150,5474,
02/09/2024,03:07:41 PM,SPY,02/09/2024,500,call,bid,500.98,458,$1.08,$49.5K,split,534523,45384,
02/09/2024,03:07:38 PM,SPY,02/09/2024,500,call,above,500.97,1063,$1.07,$114.5K,sweep,534065,45384,
02/09/2024,03:07:37 PM,SPY,02/16/2024,497,put,mid,500.98,569,$1.19,$67.7K,sweep,17310,5058,
02/09/2024,03:07:25 PM,SPY,02/13/2024,502,call,ask,500.99,200,$1.55,$31K,block,17516,3132,
02/09/2024,03:07:17 PM,SPY,02/09/2024,501,put,below,500.96,1076,$0.38,$40.9K,sweep,176720,1621,
02/09/2024,03:07:17 PM,SPY,02/16/2024,497,put,bid,500.96,3668,$1.21,$443.8K,split,16908,5058,
02/09/2024,03:07:17 PM,SPY,03/15/2024,500,put,bid,500.96,344,$5.69,$195.7K,block,21412,13725,
02/09/2024,03:07:15 PM,SPY,02/16/2024,497,put,bid,500.94,676,$1.21,$81.8K,block,13240,5058,
02/09/2024,03:07:05 PM,SPY,02/16/2024,497,put,mid,500.89,656,$1.21,$79.4K,sweep,12564,5058,
02/09/2024,03:07:00 PM,SPY,06/21/2024,525,call,bid,500.89,300,$7.40,$222K,block,4582,30022,
02/09/2024,03:06:56 PM,SPY,02/09/2024,501,put,mid,500.93,703,$0.40,$28.2K,sweep,175197,1621,
02/09/2024,03:06:50 PM,SPY,06/21/2024,525,call,bid,500.92,222,$7.41,$164.5K,sweep,4282,30022,
02/09/2024,03:05:49 PM,SPY,02/16/2024,504,call,bid,500.82,252,$1.69,$42.6K,split,12255,41862,
02/09/2024,03:05:45 PM,SPY,03/15/2024,493,put,mid,500.86,458,$3.46,$158.5K,block,3127,5012,
02/09/2024,03:05:43 PM,SPY,02/16/2024,505,call,bid,500.87,258,$1.37,$35.3K,split,20735,17050,
02/09/2024,03:05:37 PM,SPY,03/08/2024,482.5,put,ask,500.89,223,$1.14,$25.4K,block,537,2163,
02/09/2024,03:05:37 PM,SPY,03/08/2024,485,put,ask,500.89,209,$1.36,$28.4K,block,875,3907,
02/09/2024,03:05:37 PM,SPY,03/15/2024,489,put,ask,500.89,200,$2.61,$52.2K,block,3773,5378,
02/09/2024,03:05:37 PM,SPY,03/08/2024,494,put,ask,500.89,199,$2.77,$55.1K,sweep,1484,2482,
02/09/2024,03:05:37 PM,SPY,03/08/2024,495,put,ask,500.89,432,$3.01,$130K,sweep,5799,3122,
02/09/2024,03:05:37 PM,SPY,03/08/2024,505,call,ask,500.89,182,$4.86,$88.5K,sweep,4369,7777,
02/09/2024,03:05:37 PM,SPY,03/08/2024,500,call,ask,500.89,237,$7.57,$179.4K,sweep,1573,2051,
02/09/2024,03:05:37 PM,SPY,03/08/2024,484,put,ask,500.89,787,$1.26,$99.2K,sweep,1740,1881,
02/09/2024,03:05:37 PM,SPY,03/08/2024,500,put,ask,500.89,257,$4.64,$119.2K,sweep,4164,2061,
02/09/2024,03:05:37 PM,SPY,03/08/2024,490,put,ask,500.89,479,$1.99,$95.3K,sweep,9893,3350,
02/09/2024,03:05:37 PM,SPY,03/08/2024,482,put,ask,500.89,631,$1.10,$69.4K,sweep,1988,16940,
02/09/2024,03:05:37 PM,SPY,03/08/2024,486,put,ask,500.89,752,$1.46,$109.8K,sweep,1227,1243,
02/09/2024,03:05:37 PM,SPY,03/08/2024,507,call,ask,500.89,239,$4.00,$95.6K,sweep,1480,104,opening
02/09/2024,03:05:37 PM,SPY,03/08/2024,510,call,ask,500.89,216,$2.91,$62.9K,sweep,1660,7386,
02/09/2024,03:05:37 PM,SPY,03/08/2024,503,call,ask,500.89,194,$5.85,$113.5K,sweep,873,91,opening
02/09/2024,03:05:37 PM,SPY,03/08/2024,492,put,ask,500.89,205,$2.34,$48K,sweep,730,1189,
02/09/2024,03:05:13 PM,SPY,02/16/2024,505,call,ask,500.88,800,$1.38,$110.4K,sweep,20411,17050,
02/09/2024,03:05:08 PM,SPY,02/16/2024,501,call,ask,500.88,1000,$3.07,$307K,sweep,28714,37848,
02/09/2024,03:04:42 PM,SPY,02/12/2024,500,put,bid,500.81,500,$0.78,$39K,sweep,77265,1413,
02/09/2024,03:04:38 PM,SPY,02/09/2024,501,put,above,500.87,589,$0.44,$26.4K,sweep,170075,1621,
02/09/2024,03:04:24 PM,SPY,02/09/2024,502,put,mid,500.86,250,$1.21,$30.3K,sweep,53826,964,
02/09/2024,03:04:20 PM,SPY,02/09/2024,502,put,bid,500.86,299,$1.20,$35.9K,sweep,53568,964,
02/09/2024,03:03:51 PM,SPY,03/28/2024,480,put,bid,500.91,150,$2.33,$35K,block,5950,11253,
02/09/2024,03:03:27 PM,SPY,02/16/2024,499,put,bid,500.97,304,$1.78,$54.1K,sweep,16614,3202,
02/09/2024,03:03:26 PM,SPY,02/23/2024,510,call,bid,500.96,400,$1.05,$42K,split,2573,5145,
02/09/2024,03:03:21 PM,SPY,02/16/2024,504,call,bid,500.93,200,$1.74,$34.8K,block,11943,41862,
02/09/2024,03:03:21 PM,SPY,02/20/2024,506,call,bid,500.93,191,$1.40,$26.7K,split,701,486,
02/09/2024,03:03:13 PM,SPY,02/09/2024,502,put,mid,500.93,315,$1.15,$36.5K,sweep,52651,964,
02/09/2024,03:03:09 PM,SPY,02/16/2024,505,call,ask,500.92,800,$1.40,$112K,sweep,19543,17050,
02/09/2024,03:03:04 PM,SPY,02/16/2024,500,put,ask,500.94,200,$2.18,$43.6K,block,28896,7764,
02/09/2024,03:02:58 PM,SPY,02/12/2024,501,put,mid,500.89,275,$1.18,$32.5K,sweep,44116,59,opening
02/09/2024,03:02:50 PM,SPY,02/12/2024,501,put,above,500.97,387,$1.14,$44.4K,sweep,43750,59,opening
02/09/2024,03:02:40 PM,SPY,02/09/2024,502,put,bid,501.01,1008,$1.07,$107.9K,sweep,51596,964,opening
02/09/2024,03:02:28 PM,SPY,02/13/2024,500,put,bid,501.07,200,$1.42,$28.4K,block,19383,1969,
02/09/2024,03:02:22 PM,SPY,02/09/2024,501,call,bid,501.03,688,$0.38,$26.8K,sweep,327681,19179,
02/09/2024,03:02:21 PM,SPY,03/22/2024,463,call,bid,501.05,198,$41.23,$816.4K,sweep,198,140,opening
02/09/2024,03:02:13 PM,SPY,02/23/2024,496,put,bid,501.05,157,$1.69,$26.5K,block,953,1854,
02/09/2024,03:02:12 PM,SPY,02/23/2024,491,put,bid,501.03,468,$0.85,$39.8K,sweep,2938,3002,
02/09/2024,03:02:12 PM,SPY,02/20/2024,490,put,bid,501.02,12828,$0.44,$564.4K,sweep,14445,1249,opening highly_un
02/09/2024,03:01:49 PM,SPY,02/29/2024,494,put,bid,501.02,170,$1.88,$32K,split,804,2758,
02/09/2024,03:01:43 PM,SPY,02/23/2024,502,call,bid,501.02,201,$3.86,$77.6K,sweep,3080,66735,
02/09/2024,03:01:36 PM,SPY,02/12/2024,501,put,bid,501.04,1537,$1.11,$170.6K,sweep,42551,59,opening
02/09/2024,03:01:34 PM,SPY,02/09/2024,501,put,ask,501.04,1040,$0.35,$37.4K,sweep,161584,1621,
02/09/2024,03:01:27 PM,SPY,02/16/2024,501,call,bid,501.07,996,$3.17,$315.7K,sweep,27470,37848,
02/09/2024,03:01:11 PM,SPY,02/12/2024,500,put,below,501.06,406,$0.70,$28.4K,sweep,74647,1413,
02/09/2024,03:01:05 PM,SPY,02/13/2024,500,put,bid,501.06,222,$1.44,$32K,sweep,18842,1969,
02/09/2024,03:01:03 PM,SPY,05/17/2024,430,put,bid,501.04,593,$1.43,$84.8K,block,7894,10353,
02/09/2024,03:01:01 PM,SPY,02/09/2024,502,put,above,501.15,3171,$0.94,$299.7K,sweep,49225,964,opening
02/09/2024,03:01:01 PM,SPY,02/12/2024,501,put,above,501.16,430,$1.09,$47.2K,sweep,40184,59,opening
02/09/2024,03:01:00 PM,SPY,02/12/2024,501,call,below,501.17,590,$1.27,$75.1K,sweep,97481,3705,
02/09/2024,03:00:58 PM,SPY,02/09/2024,502,put,ask,501.16,435,$0.94,$40.9K,split,46054,964,
02/09/2024,03:00:56 PM,SPY,02/09/2024,502,put,mid,501.17,275,$0.93,$25.7K,sweep,45619,964,
02/09/2024,03:00:30 PM,SPY,05/17/2024,461,put,bid,501.26,160,$2.91,$46.6K,block,567,392,
02/09/2024,03:00:29 PM,SPY,06/28/2024,455,put,bid,501.25,487,$4.03,$196.3K,block,600,3423,
02/09/2024,03:00:25 PM,SPY,05/17/2024,460,put,ask,501.25,1673,$2.84,$475.1K,sweep,7085,5609,
02/09/2024,03:00:11 PM,SPY,02/12/2024,502,put,ask,501.29,200,$1.52,$30.4K,sweep,9567,385,
02/09/2024,03:00:06 PM,SPY,06/21/2024,458,put,mid,501.29,245,$3.98,$97.5K,sweep,246,1068,
02/09/2024,03:00:03 PM,SPY,05/17/2024,460,put,ask,501.29,2371,$2.83,$671K,sweep,5412,5609,
02/09/2024,03:00:03 PM,SPY,05/17/2024,459,put,ask,501.29,630,$2.76,$173.9K,sweep,748,1314,
02/09/2024,02:59:48 PM,SPY,03/01/2024,505,call,ask,501.27,558,$3.83,$213.7K,block,5857,14507,
02/09/2024,02:59:36 PM,SPY,02/12/2024,502,put,above,501.26,251,$1.54,$38.8K,sweep,9089,385,
02/09/2024,02:59:36 PM,SPY,02/09/2024,500,call,below,501.26,837,$1.30,$109.5K,sweep,528433,45384,
02/09/2024,02:59:33 PM,SPY,03/01/2024,505,call,bid,501.27,2442,$3.83,$935.3K,sweep,5299,14507,
02/09/2024,02:59:03 PM,SPY,02/09/2024,502,put,mid,501.31,513,$0.84,$43.6K,sweep,43971,964,
02/09/2024,02:57:59 PM,SPY,03/15/2024,492,put,ask,501.33,259,$3.13,$81.1K,sweep,4307,3663,
02/09/2024,02:57:48 PM,SPY,02/09/2024,501,call,ask,501.34,503,$0.58,$29.2K,sweep,320656,19179,
02/09/2024,02:57:18 PM,SPY,02/29/2024,493,put,ask,501.31,153,$1.65,$25.2K,sweep,1533,2208,
02/09/2024,02:57:18 PM,SPY,02/29/2024,495,put,ask,501.31,195,$2.05,$40K,sweep,2096,4763,
02/09/2024,02:57:09 PM,SPY,02/09/2024,502,put,bid,501.29,393,$0.85,$33.4K,sweep,42551,964,
02/09/2024,02:57:04 PM,SPY,02/09/2024,502,put,ask,501.29,300,$0.86,$25.8K,sweep,42056,964,
02/09/2024,02:57:00 PM,SPY,02/12/2024,501,call,bid,501.30,500,$1.38,$69K,sweep,96235,3705,
02/09/2024,02:56:54 PM,SPY,02/09/2024,501,call,bid,501.29,502,$0.54,$27.1K,sweep,319257,19179,
02/09/2024,02:56:44 PM,SPY,03/15/2024,485,put,ask,501.30,883,$1.98,$174.8K,sweep,24336,53027,
02/09/2024,02:56:40 PM,SPY,03/15/2024,480,put,bid,501.29,2495,$1.46,$364.3K,sweep,25775,47706,
02/09/2024,02:56:40 PM,SPY,03/15/2024,485,put,ask,501.29,1580,$1.98,$312.8K,sweep,23453,53027,
02/09/2024,02:56:26 PM,SPY,02/09/2024,501,call,bid,501.29,620,$0.55,$34.1K,sweep,318523,19179,
02/09/2024,02:55:55 PM,SPY,03/15/2024,516,call,bid,501.34,347,$2.09,$72.5K,sweep,1368,4281,
02/09/2024,02:55:51 PM,SPY,03/15/2024,485,put,ask,501.33,428,$1.98,$84.7K,sweep,21871,53027,
02/09/2024,02:55:49 PM,SPY,02/09/2024,500,call,ask,501.31,800,$1.39,$111.2K,sweep,526947,45384,
02/09/2024,02:55:47 PM,SPY,03/15/2024,485,put,ask,501.31,2072,$1.98,$410.3K,sweep,21443,53027,
02/09/2024,02:55:47 PM,SPY,03/15/2024,480,put,bid,501.30,2500,$1.46,$365K,sweep,23275,47706,
02/09/2024,02:55:44 PM,SPY,02/12/2024,502,call,mid,501.31,526,$0.90,$47.8K,sweep,49709,3056,
02/09/2024,02:55:29 PM,SPY,03/15/2024,494,put,bid,501.30,250,$3.61,$90.3K,sweep,2968,5745,
02/09/2024,02:55:16 PM,SPY,03/15/2024,480,put,bid,501.31,423,$1.47,$62.2K,sweep,20774,47706,
02/09/2024,02:55:02 PM,SPY,02/16/2024,502,call,bid,501.39,200,$2.85,$57K,split,13872,10107,
02/09/2024,02:54:27 PM,SPY,02/09/2024,500,call,ask,501.46,183,$1.50,$27.5K,sweep,525942,45384,
02/09/2024,02:54:19 PM,SPY,02/12/2024,501,call,mid,501.44,175,$1.47,$25.7K,sweep,95366,3705,
02/09/2024,02:53:49 PM,SPY,02/16/2024,502,call,below,501.42,500,$2.86,$143.2K,sweep,13660,10107,
02/09/2024,02:52:40 PM,SPY,05/17/2024,465,put,ask,501.47,500,$3.22,$161K,sweep,3794,16784,
02/09/2024,02:52:22 PM,SPY,05/17/2024,430,put,bid,501.42,752,$1.42,$106.8K,sweep,7280,10353,
02/09/2024,02:52:19 PM,SPY,05/17/2024,430,put,bid,501.42,1150,$1.42,$163.3K,sweep,6528,10353,
02/09/2024,02:52:13 PM,SPY,03/15/2024,486,put,bid,501.40,219,$2.10,$46K,sweep,8305,32474,
02/09/2024,02:52:13 PM,SPY,03/15/2024,488,put,bid,501.39,153,$2.39,$36.6K,sweep,3400,6119,
02/09/2024,02:52:11 PM,SPY,02/09/2024,502,put,bid,501.38,2998,$0.78,$233.8K,sweep,39748,964,opening
02/09/2024,02:52:11 PM,SPY,03/28/2024,480,put,ask,501.37,150,$2.32,$34.8K,split,5679,11253,
02/09/2024,02:52:11 PM,SPY,02/12/2024,501,call,bid,501.39,245,$1.46,$35.8K,sweep,94996,3705,
02/09/2024,02:52:04 PM,SPY,02/12/2024,502,put,bid,501.39,263,$1.50,$39.5K,block,8177,385,
02/09/2024,02:51:58 PM,SPY,02/13/2024,500,put,bid,501.41,250,$1.36,$34K,split,18005,1969,
02/09/2024,02:51:42 PM,SPY,02/16/2024,501,call,ask,501.37,500,$3.40,$170K,sweep,26136,37848,
02/09/2024,02:51:42 PM,SPY,03/15/2024,500,call,ask,501.36,200,$8.86,$177.2K,sweep,7160,30806,
02/09/2024,02:51:40 PM,SPY,02/12/2024,502,put,ask,501.36,165,$1.52,$25.1K,sweep,7841,385,
02/09/2024,02:51:29 PM,SPY,02/09/2024,500,call,mid,501.36,300,$1.40,$42.2K,sweep,525056,45384,
02/09/2024,02:51:27 PM,SPY,03/15/2024,487,put,bid,501.36,225,$2.25,$50.6K,sweep,2865,8209,
02/09/2024,02:51:26 PM,SPY,03/08/2024,486,put,bid,501.34,248,$1.44,$35.7K,sweep,475,1243,
02/09/2024,02:51:22 PM,SPY,02/16/2024,502,put,bid,501.33,207,$2.99,$61.9K,sweep,2472,385,
02/09/2024,02:51:06 PM,SPY,03/08/2024,512,call,bid,501.35,198,$2.49,$49.3K,sweep,1373,362,
02/09/2024,02:51:05 PM,SPY,03/08/2024,511,call,bid,501.37,208,$2.79,$58K,sweep,622,77,opening
02/09/2024,02:51:05 PM,SPY,03/08/2024,496,put,bid,501.37,453,$3.20,$145K,sweep,2604,2423,
02/09/2024,02:51:05 PM,SPY,03/08/2024,495,put,bid,501.37,412,$2.94,$121.1K,sweep,5328,3122,
02/09/2024,02:51:05 PM,SPY,03/08/2024,503,put,bid,501.37,250,$5.81,$145.3K,block,4516,4,opening
02/09/2024,02:50:50 PM,SPY,02/14/2024,500,put,bid,501.34,390,$1.67,$65.1K,sweep,9430,453,
02/09/2024,02:50:45 PM,SPY,02/16/2024,501,call,ask,501.31,200,$3.39,$67.8K,sweep,25622,37848,
02/09/2024,02:50:38 PM,SPY,02/12/2024,501,put,ask,501.35,481,$1.03,$49.5K,split,37031,59,opening
02/09/2024,02:50:22 PM,SPY,02/29/2024,505,call,ask,501.35,165,$3.69,$60.9K,sweep,1888,3385,
02/09/2024,02:50:20 PM,SPY,02/12/2024,502,put,above,501.34,236,$1.54,$36.5K,sweep,7135,385,
02/09/2024,02:50:20 PM,SPY,02/09/2024,499,call,bid,501.34,300,$2.34,$70.2K,sweep,225938,24621,
02/09/2024,02:50:19 PM,SPY,02/09/2024,499,call,mid,501.34,150,$2.35,$35.3K,block,225637,24621,
02/09/2024,02:50:10 PM,SPY,02/09/2024,501,put,ask,501.39,1129,$0.24,$27.1K,sweep,145080,1621,
02/09/2024,02:50:09 PM,SPY,06/21/2024,440,put,bid,501.38,200,$2.73,$54.6K,split,7907,48708,
02/09/2024,02:50:02 PM,SPY,02/16/2024,500,put,bid,501.41,250,$2.06,$51.5K,block,27818,7764,
02/09/2024,02:50:00 PM,SPY,02/16/2024,496,put,bid,501.42,352,$0.95,$33.4K,sweep,11278,3791,
02/09/2024,02:49:48 PM,SPY,02/29/2024,480,put,ask,501.38,600,$0.52,$31.2K,sweep,3226,27669,
02/09/2024,02:49:37 PM,SPY,02/09/2024,502,put,mid,501.39,441,$0.79,$35.2K,sweep,34563,964,
02/09/2024,02:49:35 PM,SPY,02/12/2024,501,call,bid,501.39,500,$1.46,$73K,sweep,94464,3705,
02/09/2024,02:49:27 PM,SPY,02/12/2024,503,call,bid,501.39,527,$0.59,$31.1K,sweep,51328,1294,
02/09/2024,02:49:20 PM,SPY,02/12/2024,501,call,bid,501.39,231,$1.46,$33.7K,sweep,93846,3705,
02/09/2024,02:49:19 PM,SPY,02/12/2024,500,call,below,501.39,328,$2.09,$68.6K,sweep,163404,9704,
02/09/2024,02:49:18 PM,SPY,02/12/2024,501,call,bid,501.41,208,$1.48,$30.8K,sweep,93585,3705,
02/09/2024,02:48:44 PM,SPY,02/16/2024,501,call,above,501.49,500,$3.47,$174K,sweep,25184,37848,
02/09/2024,02:48:10 PM,SPY,02/12/2024,500,call,bid,501.48,250,$2.16,$54K,split,162832,9704,
02/09/2024,02:48:07 PM,SPY,02/09/2024,502,put,ask,501.49,363,$0.74,$26.9K,sweep,32912,964,
02/09/2024,02:47:58 PM,SPY,02/09/2024,501,call,below,501.46,522,$0.65,$34.1K,sweep,310728,19179,
02/09/2024,02:47:56 PM,SPY,02/09/2024,499,call,bid,501.46,603,$2.46,$148.3K,sweep,225317,24621,
02/09/2024,02:47:38 PM,SPY,02/13/2024,502,put,ask,501.53,300,$2.19,$65.7K,sweep,3604,472,
02/09/2024,02:47:28 PM,SPY,02/12/2024,502,put,ask,501.54,264,$1.43,$37.8K,sweep,6340,385,
02/09/2024,02:47:27 PM,SPY,06/21/2024,517,call,bid,501.55,250,$10.95,$273.8K,sweep,1955,217,opening
02/09/2024,02:47:12 PM,SPY,04/19/2024,525,call,ask,501.58,200,$2.80,$56K,block,1368,6117,
02/09/2024,02:47:07 PM,SPY,02/12/2024,502,put,ask,501.59,200,$1.41,$28.2K,sweep,6055,385,
02/09/2024,02:47:05 PM,SPY,02/13/2024,502,call,below,501.59,189,$1.88,$35.5K,split,16374,3132,
02/09/2024,02:46:49 PM,SPY,02/14/2024,502,call,bid,501.61,214,$2.24,$48.1K,sweep,11334,5319,
02/09/2024,02:46:46 PM,SPY,05/31/2024,525,call,ask,501.61,248,$6.09,$151K,sweep,593,4556,
02/09/2024,02:46:44 PM,SPY,02/12/2024,502,call,bid,501.59,500,$1.05,$52.5K,block,46670,3056,
02/09/2024,02:46:28 PM,SPY,02/12/2024,502,put,mid,501.64,208,$1.38,$28.7K,block,5697,385,
02/09/2024,02:46:27 PM,SPY,02/16/2024,502,call,mid,501.64,517,$3.00,$155.2K,sweep,12701,10107,
02/09/2024,02:46:26 PM,SPY,03/22/2024,515,call,ask,501.64,400,$2.99,$119.6K,sweep,537,1567,
02/09/2024,02:46:23 PM,SPY,02/16/2024,505,call,ask,501.64,200,$1.68,$33.6K,block,17725,17050,
02/09/2024,02:46:21 PM,SPY,03/15/2024,494,put,bid,501.62,166,$3.56,$59.1K,sweep,2645,5745,
02/09/2024,02:46:18 PM,SPY,02/09/2024,502,put,bid,501.59,410,$0.66,$27.1K,sweep,31083,964,
02/09/2024,02:46:12 PM,SPY,02/16/2024,504,call,ask,501.60,243,$2.04,$49.6K,sweep,11317,41862,
02/09/2024,02:46:09 PM,SPY,02/09/2024,502,put,mid,501.61,432,$0.65,$28.1K,sweep,30633,964,
02/09/2024,02:46:07 PM,SPY,03/08/2024,505,call,ask,501.59,159,$5.25,$83.5K,sweep,4170,7777,
02/09/2024,02:46:07 PM,SPY,02/21/2024,501,put,bid,501.59,175,$2.90,$50.8K,sweep,754,62,opening
02/09/2024,02:46:07 PM,SPY,02/12/2024,501,call,above,501.59,606,$1.59,$96.7K,sweep,92491,3705,
02/09/2024,02:46:05 PM,SPY,02/12/2024,502,call,above,501.59,248,$1.05,$26.3K,sweep,45631,3056,
02/09/2024,02:46:05 PM,SPY,02/09/2024,501,call,above,501.57,465,$0.75,$34.9K,sweep,307836,19179,
02/09/2024,02:46:05 PM,SPY,02/09/2024,499,call,above,501.57,166,$2.58,$42.8K,sweep,224390,24621,
02/09/2024,02:45:52 PM,SPY,02/09/2024,499,call,mid,501.55,150,$2.56,$38.4K,block,224218,24621,
02/09/2024,02:45:45 PM,SPY,02/12/2024,500,call,mid,501.53,783,$2.19,$172.1K,split,162214,9704,
02/09/2024,02:45:43 PM,SPY,02/16/2024,477,put,ask,501.53,7654,$0.11,$84.2K,sweep,11490,20681,
02/09/2024,02:45:43 PM,SPY,02/16/2024,474,put,ask,501.53,3272,$0.10,$32.7K,sweep,5369,14554,
02/09/2024,02:45:21 PM,SPY,02/09/2024,501,call,mid,501.51,491,$0.71,$34.9K,sweep,306888,19179,
02/09/2024,02:45:14 PM,SPY,02/09/2024,500,call,below,501.51,1096,$1.53,$168.5K,sweep,521861,45384,
02/09/2024,02:45:13 PM,SPY,02/13/2024,504,call,bid,501.51,369,$1.05,$38.7K,sweep,7232,1528,
02/09/2024,02:45:12 PM,SPY,02/16/2024,498,put,ask,501.51,200,$1.35,$27K,sweep,16329,5474,
02/09/2024,02:45:04 PM,SPY,02/12/2024,502,put,ask,501.55,236,$1.42,$33.5K,sweep,5016,385,
02/09/2024,02:44:50 PM,SPY,02/13/2024,502,call,ask,501.51,189,$1.85,$35K,block,15890,3132,
02/09/2024,02:44:40 PM,SPY,02/12/2024,501,call,ask,501.51,205,$1.55,$31.8K,sweep,91670,3705,
02/09/2024,02:44:26 PM,SPY,02/16/2024,506,call,ask,501.49,1000,$1.31,$131K,sweep,9523,9179,
02/09/2024,02:44:13 PM,SPY,02/12/2024,499,put,bid,501.49,2002,$0.39,$78.1K,sweep,67469,4037,
02/09/2024,02:44:03 PM,SPY,03/28/2024,510,call,ask,501.49,415,$5.15,$213.7K,sweep,1171,4815,
02/09/2024,02:44:03 PM,SPY,02/12/2024,501,put,bid,501.48,685,$0.97,$66.4K,sweep,34257,59,opening
02/09/2024,02:43:57 PM,SPY,02/15/2024,501,put,ask,501.44,200,$2.22,$44.4K,split,2098,35,opening
02/09/2024,02:43:48 PM,SPY,02/09/2024,501,put,mid,501.48,1508,$0.20,$31.2K,sweep,133271,1621,
02/09/2024,02:43:37 PM,SPY,02/09/2024,502,put,bid,501.46,415,$0.74,$30.7K,sweep,27884,964,
02/09/2024,02:43:37 PM,SPY,02/09/2024,501,put,mid,501.46,2709,$0.21,$57.2K,sweep,131575,1621,opening
02/09/2024,02:43:23 PM,SPY,02/09/2024,501,put,bid,501.49,1157,$0.22,$25.5K,sweep,128606,1621,
02/09/2024,02:43:23 PM,SPY,02/09/2024,502,put,mid,501.49,614,$0.73,$44.9K,sweep,27284,964,
02/09/2024,02:43:18 PM,SPY,02/12/2024,497,put,ask,501.51,2000,$0.17,$34K,split,30503,5714,
02/09/2024,02:43:08 PM,SPY,02/09/2024,501,call,mid,501.51,434,$0.72,$31.7K,sweep,303250,19179,
02/09/2024,02:42:49 PM,SPY,02/12/2024,501,call,bid,501.49,189,$1.53,$28.9K,sweep,91169,3705,
02/09/2024,02:42:34 PM,SPY,04/19/2024,475,put,ask,501.51,200,$2.87,$57.4K,block,6595,18393,
02/09/2024,02:42:29 PM,SPY,02/09/2024,502,put,mid,501.50,3214,$0.73,$237.7K,sweep,25251,964,opening
02/09/2024,02:42:25 PM,SPY,02/09/2024,502,put,mid,501.48,1738,$0.75,$132K,sweep,22037,964,opening
02/09/2024,02:42:05 PM,SPY,02/09/2024,500,call,mid,501.48,204,$1.53,$31.2K,sweep,519557,45384,
02/09/2024,02:41:54 PM,SPY,02/16/2024,503,call,ask,501.48,196,$2.41,$47.2K,sweep,10406,1550,
02/09/2024,02:41:52 PM,SPY,03/15/2024,500,call,ask,501.47,200,$8.91,$178.2K,sweep,6452,30806,
02/09/2024,02:41:43 PM,SPY,02/16/2024,503,call,ask,501.47,179,$2.41,$43.1K,sweep,10210,1550,
02/09/2024,02:41:43 PM,SPY,02/16/2024,501,call,mid,501.47,1692,$3.43,$581.7K,sweep,24333,37848,
02/09/2024,02:41:29 PM,SPY,03/15/2024,515,call,ask,501.46,200,$2.39,$47.8K,block,4234,13002,
02/09/2024,02:41:28 PM,SPY,02/14/2024,500,put,ask,501.44,200,$1.62,$32.4K,split,8484,453,
02/09/2024,02:41:26 PM,SPY,02/13/2024,500,put,bid,501.44,248,$1.34,$33.2K,sweep,16906,1969,
02/09/2024,02:41:24 PM,SPY,02/09/2024,501,call,below,501.43,431,$0.71,$30.7K,sweep,299870,19179,
02/09/2024,02:41:23 PM,SPY,02/09/2024,501,put,below,501.43,1499,$0.28,$43.2K,sweep,121497,1621,
02/09/2024,02:41:17 PM,SPY,02/23/2024,498,put,ask,501.48,184,$2.14,$39.4K,sweep,1915,6373,
02/09/2024,02:41:17 PM,SPY,02/09/2024,502,call,mid,501.48,1004,$0.28,$29.1K,sweep,192855,15936,
02/09/2024,02:41:17 PM,SPY,02/12/2024,501,put,mid,501.48,1275,$0.99,$126.5K,sweep,32412,59,opening
02/09/2024,02:41:17 PM,SPY,03/01/2024,496,put,bid,501.48,167,$2.39,$39.9K,sweep,983,424,
02/09/2024,02:41:15 PM,SPY,02/16/2024,498,put,bid,501.49,200,$1.35,$27K,block,16081,5474,
02/09/2024,02:41:15 PM,SPY,02/09/2024,502,call,bid,501.51,969,$0.29,$28.1K,sweep,191406,15936,
02/09/2024,02:41:13 PM,SPY,02/09/2024,500,call,below,501.53,521,$1.57,$82.1K,sweep,518877,45384,
02/09/2024,02:41:13 PM,SPY,03/15/2024,500,put,bid,501.53,501,$5.47,$274K,sweep,19582,13725,
02/09/2024,02:41:12 PM,SPY,03/01/2024,497,put,ask,501.53,156,$2.64,$41.2K,split,982,4940,
02/09/2024,02:41:11 PM,SPY,02/12/2024,499,call,ask,501.53,157,$3.00,$47.1K,sweep,49953,4543,
02/09/2024,02:41:10 PM,SPY,02/09/2024,502,call,above,501.51,1429,$0.27,$39.1K,sweep,188758,15936,
02/09/2024,02:41:08 PM,SPY,02/14/2024,502,put,ask,501.51,200,$2.47,$49.4K,sweep,1721,22,opening
02/09/2024,02:41:07 PM,SPY,02/12/2024,501,call,mid,501.50,215,$1.54,$33.2K,sweep,90194,3705,
02/09/2024,02:41:07 PM,SPY,02/09/2024,501,put,ask,501.49,1011,$0.25,$25.3K,sweep,118651,1621,
02/09/2024,02:41:07 PM,SPY,02/12/2024,501,put,ask,501.49,400,$0.97,$38.8K,block,30968,59,opening
02/09/2024,02:41:07 PM,SPY,02/09/2024,501,put,ask,501.49,1339,$0.24,$33.5K,sweep,119285,1621,
02/09/2024,02:41:05 PM,SPY,03/21/2025,585,call,ask,501.46,250,$6.65,$166.3K,block,264,5960,
02/09/2024,02:41:05 PM,SPY,02/15/2024,500,put,bid,501.44,202,$1.80,$36.4K,sweep,3167,1968,
02/09/2024,02:41:05 PM,SPY,02/09/2024,501,call,above,501.44,556,$0.69,$38.4K,sweep,297463,19179,
02/09/2024,02:41:05 PM,SPY,02/09/2024,502,call,above,501.44,2312,$0.22,$50.9K,sweep,184738,15936,
02/09/2024,02:41:01 PM,SPY,02/09/2024,501,call,above,501.39,710,$0.64,$45.8K,sweep,296608,19179,
02/09/2024,02:41:00 PM,SPY,02/09/2024,502,call,above,501.39,2094,$0.18,$37.7K,sweep,181800,15936,
02/09/2024,02:40:53 PM,SPY,03/21/2025,575,call,ask,501.37,250,$8.85,$221.3K,block,764,10173,
02/09/2024,02:40:51 PM,SPY,02/09/2024,501,put,below,501.32,1593,$0.24,$38.6K,sweep,115456,1621,
02/09/2024,02:40:43 PM,SPY,02/12/2024,500,put,mid,501.31,391,$0.66,$25.9K,sweep,67746,1413,
02/09/2024,02:40:42 PM,SPY,02/12/2024,501,put,ask,501.32,580,$1.03,$59.7K,sweep,30347,59,opening
02/09/2024,02:40:42 PM,SPY,02/21/2024,498,put,ask,501.32,150,$1.88,$28.2K,split,489,518,
02/09/2024,02:40:39 PM,SPY,04/19/2024,490,put,bid,501.32,600,$5.21,$312.6K,split,6467,9654,
02/09/2024,02:40:30 PM,SPY,02/23/2024,498,put,bid,501.33,165,$2.17,$35.8K,split,1670,6373,
02/09/2024,02:40:30 PM,SPY,03/01/2024,498,put,bid,501.32,200,$2.99,$59.8K,sweep,3017,2654,
02/09/2024,02:40:24 PM,SPY,02/16/2024,497,call,ask,501.27,270,$6.00,$162K,sweep,7021,10391,
02/09/2024,02:40:24 PM,SPY,03/21/2025,570,call,ask,501.27,250,$10.15,$253.8K,sweep,1280,5852,
02/09/2024,02:40:23 PM,SPY,02/12/2024,500,call,above,501.26,183,$2.00,$36.6K,sweep,160232,9704,
02/09/2024,02:40:03 PM,SPY,02/09/2024,502,put,bid,501.24,783,$0.91,$71.3K,block,18041,964,
02/09/2024,02:39:33 PM,SPY,02/09/2024,501,call,mid,501.20,509,$0.49,$25.4K,sweep,292709,19179,
02/09/2024,02:39:30 PM,SPY,02/09/2024,501,call,above,501.21,769,$0.50,$38.9K,sweep,292197,19179,
02/09/2024,02:39:27 PM,SPY,02/09/2024,502,put,below,501.20,800,$0.92,$73.9K,sweep,17127,964,
02/09/2024,02:39:21 PM,SPY,02/09/2024,500,call,mid,501.23,199,$1.29,$25.7K,block,516355,45384,
02/09/2024,02:39:17 PM,SPY,02/12/2024,501,put,bid,501.22,685,$1.07,$73.3K,sweep,29278,59,opening
02/09/2024,02:39:14 PM,SPY,02/12/2024,501,put,below,501.19,560,$1.08,$60.5K,sweep,28592,59,opening
02/09/2024,02:39:13 PM,SPY,02/09/2024,500,call,mid,501.18,847,$1.25,$106.1K,sweep,516137,45384,
02/09/2024,02:38:51 PM,SPY,02/09/2024,502,put,bid,501.15,300,$0.97,$29.1K,split,16039,964,
02/09/2024,02:38:38 PM,SPY,02/09/2024,500,call,ask,501.16,252,$1.23,$31K,sweep,515225,45384,
02/09/2024,02:38:13 PM,SPY,02/29/2024,490,put,ask,501.12,384,$1.23,$47.2K,sweep,2518,7123,
02/09/2024,02:38:10 PM,SPY,02/09/2024,501,put,bid,501.13,1386,$0.35,$48.5K,block,110702,1621,
02/09/2024,02:37:45 PM,SPY,02/09/2024,501,call,mid,501.10,818,$0.43,$35.7K,sweep,289932,19179,
02/09/2024,02:37:07 PM,SPY,05/17/2024,466,put,bid,501.13,347,$3.33,$115.6K,sweep,1091,686,
02/09/2024,02:37:03 PM,SPY,03/15/2024,500,put,bid,501.13,254,$5.63,$143K,sweep,18578,13725,
02/09/2024,02:36:52 PM,SPY,02/16/2024,501,call,ask,501.12,500,$3.23,$161.5K,sweep,22398,37848,
02/09/2024,02:36:49 PM,SPY,08/16/2024,460,put,ask,501.15,317,$6.38,$202.2K,sweep,2439,5693,
02/09/2024,02:36:38 PM,SPY,02/16/2024,493,put,ask,501.13,980,$0.55,$53.9K,sweep,14081,14379,
02/09/2024,02:36:07 PM,SPY,02/16/2024,494,put,ask,501.09,1000,$0.66,$66K,sweep,11767,6757,
02/09/2024,02:36:06 PM,SPY,02/16/2024,505,call,ask,501.10,223,$1.47,$32.8K,sweep,16893,17050,
02/09/2024,02:35:56 PM,SPY,06/21/2024,517,call,bid,501.11,249,$10.73,$267.2K,block,1692,217,opening
02/09/2024,02:35:56 PM,SPY,02/16/2024,501,call,bid,501.11,162,$3.22,$52.2K,block,21897,37848,
02/09/2024,02:35:56 PM,SPY,02/12/2024,500,call,bid,501.14,185,$1.92,$35.5K,sweep,159541,9704,
02/09/2024,02:35:55 PM,SPY,02/12/2024,501,put,ask,501.14,600,$1.13,$67.8K,sweep,27420,59,opening
02/09/2024,02:35:55 PM,SPY,02/09/2024,500,call,below,501.14,277,$1.21,$33.8K,sweep,514219,45384,
02/09/2024,02:35:34 PM,SPY,02/13/2024,502,put,ask,501.15,200,$2.38,$47.6K,block,2515,472,
02/09/2024,02:35:26 PM,SPY,02/13/2024,502,put,ask,501.15,200,$2.38,$47.6K,split,2315,472,
02/09/2024,02:35:17 PM,SPY,02/12/2024,501,put,ask,501.15,400,$1.12,$44.8K,sweep,26501,59,opening
02/09/2024,02:35:16 PM,SPY,02/09/2024,499,call,bid,501.18,500,$2.18,$109K,sweep,223288,24621,
02/09/2024,02:35:15 PM,SPY,02/16/2024,501,call,bid,501.21,347,$3.27,$113.5K,sweep,21726,37848,
02/09/2024,02:35:12 PM,SPY,02/16/2024,499,call,ask,501.21,176,$4.50,$79.2K,sweep,15521,8386,
02/09/2024,02:35:12 PM,SPY,02/09/2024,501,call,mid,501.20,605,$0.50,$30.3K,sweep,287351,19179,
02/09/2024,02:35:12 PM,SPY,02/12/2024,501,put,below,501.19,538,$1.09,$58.6K,sweep,26082,59,opening
02/09/2024,02:35:11 PM,SPY,02/12/2024,500,call,mid,501.19,198,$1.95,$38.6K,sweep,159288,9704,
02/09/2024,02:35:01 PM,SPY,02/16/2024,501,call,ask,501.15,500,$3.25,$162.5K,sweep,21379,37848,
02/09/2024,02:34:51 PM,SPY,02/09/2024,500,call,ask,501.16,319,$1.23,$39.6K,sweep,513480,45384,
02/09/2024,02:33:59 PM,SPY,05/17/2024,430,put,bid,501.16,199,$1.41,$28.1K,sweep,5373,10353,
02/09/2024,02:33:57 PM,SPY,02/16/2024,501,call,ask,501.15,500,$3.25,$162.5K,sweep,20848,37848,
02/09/2024,02:33:56 PM,SPY,02/14/2024,500,put,ask,501.15,201,$1.72,$34.6K,sweep,7962,453,
02/09/2024,02:33:48 PM,SPY,05/17/2024,435,put,bid,501.15,164,$1.58,$25.9K,sweep,196,8527,
02/09/2024,02:33:48 PM,SPY,05/17/2024,430,put,bid,501.15,2301,$1.42,$326.7K,sweep,5174,10353,
02/09/2024,02:33:32 PM,SPY,02/16/2024,500,call,bid,501.13,200,$3.80,$76K,sweep,84055,31444,
02/09/2024,02:33:32 PM,SPY,02/14/2024,502,put,ask,501.13,200,$2.67,$53.4K,sweep,1385,22,opening
02/09/2024,02:33:14 PM,SPY,03/15/2024,450,put,ask,501.13,5000,$0.45,$225K,sweep,7173,107607,
02/09/2024,02:32:56 PM,SPY,02/09/2024,501,call,below,501.13,655,$0.44,$29.1K,sweep,284412,19179,
02/09/2024,02:32:56 PM,SPY,02/16/2024,504,put,ask,501.13,212,$4.23,$89.7K,sweep,482,96,opening
02/09/2024,02:32:56 PM,SPY,02/16/2024,502,put,ask,501.13,170,$3.06,$52K,sweep,1736,385,
02/09/2024,02:32:56 PM,SPY,02/09/2024,500,call,bid,501.13,406,$1.19,$48.3K,sweep,512771,45384,
02/09/2024,02:32:08 PM,SPY,02/13/2024,498,put,ask,501.11,1200,$0.84,$100.8K,block,12704,3478,
02/09/2024,02:31:51 PM,SPY,02/14/2024,500,put,bid,501.10,200,$1.74,$34.8K,sweep,7737,453,
02/09/2024,02:31:42 PM,SPY,03/01/2024,495,put,bid,501.09,200,$2.23,$44.6K,sweep,5667,5203,
02/09/2024,02:31:41 PM,SPY,03/08/2024,504,put,ask,501.10,161,$6.42,$103.4K,sweep,886,0,opening
02/09/2024,02:31:31 PM,SPY,03/15/2024,503,call,bid,501.13,200,$6.89,$137.8K,sweep,1085,645,
02/09/2024,02:31:13 PM,SPY,02/12/2024,501,call,mid,501.14,318,$1.33,$42.3K,sweep,87828,3705,
02/09/2024,02:31:06 PM,SPY,02/16/2024,501,put,mid,501.17,155,$2.54,$39.5K,sweep,11475,618,
02/09/2024,02:31:03 PM,SPY,02/14/2024,500,put,ask,501.14,200,$1.73,$34.6K,block,7530,453,
02/09/2024,02:30:56 PM,SPY,02/16/2024,498,put,bid,501.15,204,$1.45,$29.6K,split,14876,5474,
02/09/2024,02:30:47 PM,SPY,02/09/2024,501,put,below,501.13,1383,$0.35,$48.7K,sweep,102355,1621,
02/09/2024,02:30:24 PM,SPY,02/16/2024,501,call,mid,501.11,950,$3.22,$305.9K,block,20132,37848,
02/09/2024,02:30:10 PM,SPY,02/14/2024,502,put,ask,501.10,200,$2.69,$53.8K,block,1149,22,opening
02/09/2024,02:30:08 PM,SPY,02/09/2024,500,call,ask,501.13,708,$1.19,$85K,sweep,511316,45384,
02/09/2024,02:30:08 PM,SPY,02/09/2024,502,put,bid,501.12,420,$1.02,$42.8K,sweep,14072,964,
02/09/2024,02:30:02 PM,SPY,03/22/2024,475,put,bid,501.11,400,$1.56,$62.4K,block,548,1598,
02/09/2024,02:30:01 PM,SPY,02/16/2024,505,call,ask,501.10,187,$1.47,$27.5K,sweep,16027,17050,
02/09/2024,02:29:13 PM,SPY,02/12/2024,500,call,ask,501.07,185,$1.91,$35.3K,sweep,157621,9704,
02/09/2024,02:27:57 PM,SPY,02/14/2024,500,call,ask,501.07,225,$3.04,$68.4K,sweep,14158,4999,
02/09/2024,02:27:50 PM,SPY,02/09/2024,502,put,bid,501.07,540,$1.06,$57.2K,sweep,13414,964,
02/09/2024,02:27:29 PM,SPY,05/17/2024,507,call,bid,501.05,600,$12.27,$736.2K,block,2172,99,opening
02/09/2024,02:27:29 PM,SPY,02/16/2024,501,call,bid,501.08,1000,$3.20,$320K,sweep,19060,37848,
02/09/2024,02:27:08 PM,SPY,02/20/2024,502,call,ask,501.09,152,$3.05,$46.4K,sweep,1325,750,
02/09/2024,02:27:06 PM,SPY,02/16/2024,505,call,ask,501.10,228,$1.47,$33.5K,sweep,15389,17050,
02/09/2024,02:26:46 PM,SPY,02/16/2024,505,call,ask,501.10,402,$1.47,$59.1K,sweep,15061,17050,
02/09/2024,02:26:43 PM,SPY,03/15/2024,486,put,ask,501.12,308,$2.12,$65.3K,sweep,8081,32474,
02/09/2024,02:26:43 PM,SPY,03/15/2024,490,put,ask,501.12,259,$2.76,$71.5K,sweep,6437,32039,
02/09/2024,02:26:43 PM,SPY,03/15/2024,489,put,ask,501.12,384,$2.58,$99.1K,sweep,3414,5378,
02/09/2024,02:26:43 PM,SPY,03/15/2024,481,put,ask,501.12,231,$1.57,$36.3K,sweep,2064,5791,
02/09/2024,02:26:43 PM,SPY,03/15/2024,485,put,ask,501.12,5000,$2.00,$1M,sweep,19117,53027,
02/09/2024,02:26:13 PM,SPY,02/09/2024,500,call,above,501.10,402,$1.19,$48.2K,sweep,508840,45384,
02/09/2024,02:26:12 PM,SPY,05/17/2024,450,put,ask,501.10,425,$2.21,$93.9K,sweep,1217,7650,
02/09/2024,02:26:07 PM,SPY,02/09/2024,500,call,above,501.11,447,$1.19,$53.5K,sweep,508403,45384,
02/09/2024,02:26:05 PM,SPY,02/16/2024,500,put,mid,501.11,301,$2.15,$64.7K,block,25625,7764,
02/09/2024,02:26:04 PM,SPY,03/21/2025,575,call,ask,501.09,250,$8.75,$218.8K,block,514,10173,
02/09/2024,02:24:41 PM,SPY,02/16/2024,501,call,ask,500.95,500,$3.14,$157K,sweep,18020,37848,
02/09/2024,02:23:56 PM,SPY,02/09/2024,501,put,above,500.94,752,$0.45,$34.5K,sweep,94472,1621,
02/09/2024,02:23:05 PM,SPY,02/09/2024,501,put,mid,501.04,1112,$0.40,$44.6K,sweep,92424,1621,
02/09/2024,02:23:04 PM,SPY,04/19/2024,475,put,ask,501.04,500,$2.90,$145K,split,6304,18393,
02/09/2024,02:23:00 PM,SPY,02/12/2024,500,call,above,501.04,653,$1.89,$123.9K,sweep,156816,9704,
02/09/2024,02:23:00 PM,SPY,02/12/2024,501,call,mid,501.04,260,$1.28,$33.4K,sweep,83215,3705,
02/09/2024,02:23:00 PM,SPY,02/16/2024,500,put,bid,501.04,205,$2.18,$44.7K,sweep,25252,7764,
02/09/2024,02:22:59 PM,SPY,02/09/2024,500,call,above,501.04,275,$1.14,$31.6K,sweep,506583,45384,
02/09/2024,02:22:39 PM,SPY,02/14/2024,502,call,mid,501.04,405,$1.95,$79K,sweep,9822,5319,
02/09/2024,02:21:41 PM,SPY,03/15/2024,493,put,bid,500.94,275,$3.44,$94.6K,sweep,2630,5012,
02/09/2024,02:21:16 PM,SPY,02/12/2024,500,put,bid,501.00,900,$0.79,$71.1K,block,62252,1413,
02/09/2024,02:21:04 PM,SPY,03/15/2024,508,call,bid,501.01,175,$4.45,$77.9K,sweep,1219,7304,
02/09/2024,02:21:03 PM,SPY,02/09/2024,500,call,above,501.01,254,$1.10,$27.9K,sweep,505244,45384,
02/09/2024,02:21:03 PM,SPY,02/09/2024,498,call,ask,500.98,177,$3.00,$53.1K,sweep,53585,17117,
02/09/2024,02:20:33 PM,SPY,02/13/2024,498,put,bid,500.96,300,$0.88,$26.4K,sweep,11191,3478,
02/09/2024,02:20:05 PM,SPY,02/21/2024,497,put,ask,500.95,850,$1.72,$146.2K,sweep,1635,849,opening
02/09/2024,02:19:15 PM,SPY,02/09/2024,500,call,above,500.96,340,$1.08,$37K,sweep,504154,45384,
02/09/2024,02:19:14 PM,SPY,02/16/2024,501,call,ask,500.95,500,$3.14,$157K,sweep,17369,37848,
02/09/2024,02:19:02 PM,SPY,02/12/2024,502,call,mid,500.94,999,$0.78,$78.2K,sweep,38007,3056,
02/09/2024,02:18:38 PM,SPY,02/14/2024,502,call,ask,500.88,200,$1.89,$37.8K,block,9400,5319,
02/09/2024,02:18:16 PM,SPY,02/09/2024,501,put,mid,500.84,1139,$0.50,$58K,sweep,87777,1621,
02/09/2024,02:17:23 PM,SPY,02/09/2024,502,put,above,500.94,357,$1.20,$42.9K,sweep,11175,964,
02/09/2024,02:17:21 PM,SPY,02/09/2024,500,call,below,500.94,515,$1.05,$54.5K,sweep,502888,45384,
02/09/2024,02:17:07 PM,SPY,02/09/2024,502,put,above,500.93,300,$1.21,$36.3K,sweep,10810,964,
02/09/2024,02:16:44 PM,SPY,02/09/2024,499,call,bid,500.92,600,$1.96,$117.6K,split,221303,24621,
02/09/2024,02:16:43 PM,SPY,02/12/2024,501,put,below,500.91,800,$1.23,$98.6K,sweep,20349,59,opening
02/09/2024,02:16:37 PM,SPY,02/09/2024,500,call,below,500.94,274,$1.05,$28.8K,sweep,502106,45384,
02/09/2024,02:16:27 PM,SPY,03/21/2025,570,call,ask,500.99,445,$10.00,$445K,sweep,1030,5852,
02/09/2024,02:16:19 PM,SPY,03/21/2025,560,call,ask,500.99,250,$13.07,$326.8K,block,1033,2084,
02/09/2024,02:16:19 PM,SPY,02/16/2024,500,put,bid,500.98,180,$2.20,$39.6K,sweep,24896,7764,
02/09/2024,02:16:18 PM,SPY,03/15/2024,509,call,ask,500.96,166,$4.04,$67.1K,sweep,1141,1442,
02/09/2024,02:16:18 PM,SPY,03/15/2024,514,call,ask,500.96,335,$2.45,$82.1K,sweep,2013,3747,
02/09/2024,02:16:17 PM,SPY,02/23/2024,508,call,ask,500.96,600,$1.53,$91.8K,split,6510,4864,
02/09/2024,02:16:15 PM,SPY,02/14/2024,502,call,ask,500.95,155,$1.91,$29.6K,block,9112,5319,
02/09/2024,02:16:14 PM,SPY,02/09/2024,501,put,below,500.95,1163,$0.45,$52.5K,sweep,84533,1621,
02/09/2024,02:16:06 PM,SPY,02/16/2024,502,call,ask,500.92,295,$2.60,$76.7K,sweep,9716,10107,
02/09/2024,02:16:00 PM,SPY,02/12/2024,500,call,mid,500.92,209,$1.79,$37.6K,sweep,155358,9704,
02/09/2024,02:16:00 PM,SPY,03/21/2025,565,call,ask,500.91,251,$11.46,$287.6K,sweep,1276,6417,
02/09/2024,02:15:55 PM,SPY,02/09/2024,501,put,below,500.91,2512,$0.47,$118.6K,sweep,83043,1621,opening
02/09/2024,02:15:52 PM,SPY,02/16/2024,505,call,ask,500.89,190,$1.40,$26.6K,sweep,14400,17050,
02/09/2024,02:15:17 PM,SPY,02/12/2024,504,call,ask,500.88,6426,$0.26,$167.1K,sweep,26632,3908,opening highly_un
02/09/2024,02:15:08 PM,SPY,02/12/2024,499,call,ask,500.86,150,$2.47,$37.1K,sweep,49073,4543,
02/09/2024,02:15:01 PM,SPY,02/12/2024,501,call,mid,500.88,270,$1.19,$32.4K,sweep,80478,3705,
02/09/2024,02:14:31 PM,SPY,02/09/2024,500,call,mid,500.91,457,$1.03,$47.2K,sweep,500298,45384,
02/09/2024,02:14:31 PM,SPY,02/12/2024,500,call,ask,500.91,500,$1.80,$90K,sweep,154928,9704,
02/09/2024,02:14:19 PM,SPY,03/28/2024,500,put,mid,500.91,173,$6.85,$118.5K,block,2328,3148,
02/09/2024,02:13:29 PM,SPY,03/15/2024,517,call,ask,500.90,725,$1.74,$126.2K,sweep,1349,536,opening
02/09/2024,02:13:22 PM,SPY,03/22/2024,445,call,bid,500.87,218,$58.62,$1.3M,sweep,218,235,
02/09/2024,02:12:49 PM,SPY,03/15/2024,485,put,bid,500.88,200,$2.02,$40.4K,block,13949,53027,
02/09/2024,02:12:49 PM,SPY,02/12/2024,500,call,bid,500.88,201,$1.76,$35.4K,sweep,154259,9704,
02/09/2024,02:12:49 PM,SPY,02/13/2024,506,call,ask,500.86,628,$0.41,$25.7K,sweep,4721,879,
02/09/2024,02:12:43 PM,SPY,02/09/2024,500,call,ask,500.86,302,$1.00,$30.2K,sweep,498858,45384,
02/09/2024,02:12:41 PM,SPY,03/28/2024,480,put,bid,500.85,303,$2.35,$71.2K,sweep,5016,11253,
02/09/2024,02:12:39 PM,SPY,04/19/2024,477,put,bid,500.86,265,$3.13,$82.9K,sweep,300,2564,
02/09/2024,02:12:36 PM,SPY,03/15/2024,470,put,ask,500.84,1250,$0.90,$112.5K,sweep,6762,65385,
02/09/2024,02:12:36 PM,SPY,03/15/2024,490,put,bid,500.85,187,$2.81,$52.5K,sweep,6082,32039,
02/09/2024,02:12:07 PM,SPY,04/19/2024,525,call,bid,500.81,245,$2.55,$62.5K,sweep,1093,6117,
02/09/2024,02:11:45 PM,SPY,03/15/2024,515,call,ask,500.79,255,$2.15,$54.8K,sweep,3382,13002,
02/09/2024,02:11:18 PM,SPY,02/23/2024,495,put,ask,500.81,1400,$1.55,$217K,block,5810,6596,
02/09/2024,02:11:03 PM,SPY,02/23/2024,487,put,bid,500.79,1400,$0.54,$75.6K,block,1890,4718,
02/09/2024,02:11:03 PM,SPY,02/09/2024,500,call,mid,500.79,345,$0.95,$32.8K,sweep,497790,45384,
02/09/2024,02:10:49 PM,SPY,02/13/2024,502,call,ask,500.80,200,$1.53,$30.6K,block,14177,3132,
02/09/2024,02:10:36 PM,SPY,02/16/2024,498,put,bid,500.79,199,$1.56,$31K,split,14385,5474,
02/09/2024,02:10:32 PM,SPY,04/19/2024,490,put,bid,500.76,202,$5.32,$107.5K,split,5302,9654,
02/09/2024,02:09:56 PM,SPY,02/23/2024,501,call,bid,500.70,168,$4.25,$71.4K,sweep,5932,2162,
02/09/2024,02:08:19 PM,SPY,02/12/2024,500,call,bid,500.73,200,$1.69,$33.8K,split,153761,9704,
02/09/2024,02:07:14 PM,SPY,05/17/2024,507,call,bid,500.78,400,$12.10,$484K,block,1572,99,opening
02/09/2024,02:07:03 PM,SPY,03/28/2024,490,put,ask,500.81,153,$3.90,$59.7K,block,8074,7690,
02/09/2024,02:06:30 PM,SPY,02/16/2024,498,put,bid,500.84,200,$1.55,$31K,block,14132,5474,
02/09/2024,02:05:49 PM,SPY,02/16/2024,501,call,bid,500.81,1045,$3.06,$319.8K,sweep,16469,37848,
02/09/2024,02:05:40 PM,SPY,02/23/2024,507,call,ask,500.82,161,$1.79,$28.8K,split,1476,455,
02/09/2024,02:05:39 PM,SPY,02/09/2024,500,call,bid,500.82,986,$0.98,$96.6K,split,495805,45384,
02/09/2024,02:04:26 PM,SPY,02/12/2024,501,put,above,500.82,309,$1.31,$40.7K,sweep,18450,59,opening
02/09/2024,02:03:52 PM,SPY,03/15/2024,511,call,bid,500.86,173,$3.29,$56.9K,sweep,2140,3225,
02/09/2024,02:03:52 PM,SPY,03/15/2024,495,put,ask,500.86,154,$3.98,$61.3K,sweep,6634,8674,
02/09/2024,02:03:52 PM,SPY,03/22/2024,501,put,bid,500.86,247,$6.86,$169.4K,sweep,301,206,opening
02/09/2024,02:03:52 PM,SPY,03/15/2024,490,put,ask,500.86,244,$2.80,$68.3K,sweep,5855,32039,
02/09/2024,02:03:52 PM,SPY,03/15/2024,510,call,ask,500.86,295,$3.63,$107.1K,sweep,3693,16376,
02/09/2024,02:03:52 PM,SPY,02/12/2024,501,call,above,500.86,500,$1.20,$60.5K,sweep,77788,3705,
02/09/2024,02:03:47 PM,SPY,02/12/2024,501,call,ask,500.87,515,$1.20,$61.8K,sweep,77287,3705,
02/09/2024,02:03:46 PM,SPY,03/15/2024,493,put,ask,500.87,200,$3.44,$68.8K,sweep,2355,5012,
02/09/2024,02:03:34 PM,SPY,02/12/2024,501,call,ask,500.84,512,$1.20,$61.4K,sweep,76767,3705,
02/09/2024,02:03:33 PM,SPY,04/19/2024,540,call,ask,500.85,489,$0.71,$34.7K,sweep,3099,4102,
02/09/2024,02:03:12 PM,SPY,02/09/2024,500,call,ask,500.86,512,$0.99,$51.2K,sweep,493197,45384,
02/09/2024,02:02:45 PM,SPY,02/16/2024,498,call,ask,500.78,289,$4.90,$141.6K,sweep,7424,11435,
02/09/2024,02:02:39 PM,SPY,02/09/2024,500,call,ask,500.75,321,$0.92,$29.5K,sweep,491788,45384,
02/09/2024,02:02:38 PM,SPY,02/12/2024,501,call,ask,500.73,230,$1.14,$26.2K,sweep,75698,3705,
02/09/2024,02:02:22 PM,SPY,03/15/2024,485,put,bid,500.66,272,$2.04,$55.5K,sweep,13729,53027,
02/09/2024,02:02:22 PM,SPY,03/15/2024,481,put,bid,500.66,230,$1.60,$36.8K,sweep,1833,5791,
02/09/2024,02:02:16 PM,SPY,02/12/2024,501,put,mid,500.67,205,$1.38,$28.3K,sweep,17768,59,opening
02/09/2024,02:02:13 PM,SPY,02/15/2024,501,call,bid,500.71,207,$2.70,$55.9K,sweep,2369,409,
02/09/2024,02:01:49 PM,SPY,02/12/2024,501,put,ask,500.74,245,$1.35,$33.1K,sweep,17369,59,opening
02/09/2024,02:01:40 PM,SPY,05/17/2024,465,put,bid,500.74,544,$3.24,$176.3K,sweep,3276,16784,
02/09/2024,02:01:19 PM,SPY,02/23/2024,501,put,bid,500.72,255,$3.57,$91K,sweep,2284,72,opening
02/09/2024,02:01:02 PM,SPY,03/08/2024,500,put,bid,500.71,340,$4.71,$160.1K,sweep,3673,2061,
02/09/2024,02:00:39 PM,SPY,04/19/2024,475,put,ask,500.71,500,$2.92,$146K,block,5765,18393,
02/09/2024,02:00:26 PM,SPY,03/08/2024,493,put,bid,500.74,200,$2.58,$51.6K,split,923,1748,
02/09/2024,02:00:06 PM,SPY,05/17/2024,507,call,ask,500.68,701,$12.04,$844K,sweep,1172,99,opening
02/09/2024,02:00:00 PM,SPY,03/15/2024,473,put,bid,500.71,4102,$1.04,$426.6K,sweep,4647,8972,
02/09/2024,01:59:25 PM,SPY,02/23/2024,500,put,bid,500.70,158,$3.13,$49.5K,sweep,4807,2934,
02/09/2024,01:59:24 PM,SPY,05/17/2024,507,call,mid,500.68,299,$12.03,$359.7K,sweep,471,99,opening
02/09/2024,01:59:06 PM,SPY,02/09/2024,500,call,bid,500.72,307,$0.92,$28.2K,sweep,490418,45384,
02/09/2024,01:58:28 PM,SPY,02/16/2024,503,call,ask,500.76,200,$2.07,$41.4K,block,9340,1550,
02/09/2024,01:58:28 PM,SPY,03/08/2024,497.5,put,bid,500.75,355,$3.78,$134.2K,split,541,1495,
02/09/2024,01:58:26 PM,SPY,02/29/2024,493,put,bid,500.74,227,$1.75,$39.7K,split,1203,2208,
02/09/2024,01:58:18 PM,SPY,02/23/2024,495,put,ask,500.72,1200,$1.56,$187.2K,sweep,4330,6596,
02/09/2024,01:57:41 PM,SPY,02/09/2024,500,call,mid,500.75,1517,$0.93,$142.5K,sweep,489611,45384,
02/09/2024,01:56:50 PM,SPY,02/09/2024,501,put,bid,500.66,586,$0.66,$38.7K,sweep,70248,1621,
02/09/2024,01:56:39 PM,SPY,03/08/2024,503,put,ask,500.66,450,$6.10,$274.5K,sweep,4002,4,opening
02/09/2024,01:56:30 PM,SPY,02/16/2024,490,put,ask,500.65,1001,$0.35,$35K,sweep,51681,36410,
02/09/2024,01:56:18 PM,SPY,03/28/2024,486,put,bid,500.63,350,$3.19,$111.7K,sweep,852,820,
02/09/2024,01:54:22 PM,SPY,02/09/2024,501,put,bid,500.59,500,$0.71,$35.5K,sweep,68781,1621,
02/09/2024,01:54:12 PM,SPY,05/17/2024,450,put,bid,500.58,150,$2.21,$33.2K,sweep,776,7650,
02/09/2024,01:53:59 PM,SPY,03/08/2024,500,put,bid,500.56,417,$4.77,$198.9K,sweep,3296,2061,
02/09/2024,01:53:55 PM,SPY,02/12/2024,501,put,ask,500.55,200,$1.45,$29K,block,16701,59,opening
02/09/2024,01:53:20 PM,SPY,02/12/2024,500,call,mid,500.48,459,$1.54,$71.1K,sweep,151407,9704,
02/09/2024,01:53:18 PM,SPY,02/09/2024,501,put,mid,500.48,833,$0.78,$65K,sweep,67767,1621,
02/09/2024,01:53:13 PM,SPY,02/09/2024,500,call,mid,500.48,401,$0.76,$30.5K,sweep,485716,45384,
02/09/2024,01:53:02 PM,SPY,03/08/2024,503,put,above,500.57,349,$6.15,$214.7K,sweep,3552,4,opening
02/09/2024,01:52:54 PM,SPY,02/09/2024,500,call,bid,500.63,311,$0.84,$26.4K,sweep,485108,45384,
02/09/2024,01:52:54 PM,SPY,02/16/2024,500,call,bid,500.63,157,$3.50,$55.1K,sweep,82525,31444,
02/09/2024,01:52:54 PM,SPY,02/14/2024,500,call,bid,500.63,152,$2.78,$42.3K,sweep,13259,4999,
02/09/2024,01:51:55 PM,SPY,02/13/2024,502,call,below,500.63,350,$1.45,$50.9K,sweep,13030,3132,
02/09/2024,01:51:40 PM,SPY,03/15/2024,497,put,bid,500.67,250,$4.66,$116.5K,sweep,2141,4484,
02/09/2024,01:51:36 PM,SPY,02/16/2024,486,put,ask,500.67,2300,$0.20,$46K,split,4075,16339,
02/09/2024,01:51:30 PM,SPY,02/09/2024,500,call,ask,500.69,307,$0.91,$27.9K,sweep,484529,45384,
02/09/2024,01:51:14 PM,SPY,03/15/2024,495,put,bid,500.68,314,$4.03,$126.5K,split,6408,8674,
02/09/2024,01:50:58 PM,SPY,02/09/2024,500,call,ask,500.64,300,$0.89,$26.7K,split,484048,45384,
02/09/2024,01:50:46 PM,SPY,04/19/2024,518,call,ask,500.64,388,$4.23,$164.1K,sweep,419,283,opening
02/09/2024,01:50:35 PM,SPY,02/09/2024,500,call,bid,500.58,310,$0.82,$25.4K,sweep,483730,45384,
02/09/2024,01:50:26 PM,SPY,02/09/2024,499,call,bid,500.61,165,$1.70,$28.1K,block,218653,24621,
02/09/2024,01:50:05 PM,SPY,02/09/2024,501,put,ask,500.63,500,$0.70,$35K,sweep,65127,1621,
02/09/2024,01:49:48 PM,SPY,02/09/2024,501,put,bid,500.68,500,$0.66,$33K,sweep,64406,1621,
02/09/2024,01:49:29 PM,SPY,02/09/2024,501,put,below,500.66,390,$0.67,$26.3K,sweep,63884,1621,
02/09/2024,01:49:26 PM,SPY,02/09/2024,501,put,bid,500.62,502,$0.69,$34.6K,sweep,63498,1621,
02/09/2024,01:49:25 PM,SPY,04/19/2024,519,call,ask,500.64,274,$3.95,$108.2K,sweep,278,208,opening
02/09/2024,01:48:53 PM,SPY,02/09/2024,500,call,bid,500.58,749,$0.82,$61.4K,sweep,483032,45384,
02/09/2024,01:48:44 PM,SPY,02/12/2024,501,call,bid,500.59,400,$1.08,$43.2K,sweep,72544,3705,
02/09/2024,01:48:30 PM,SPY,02/16/2024,500,put,ask,500.65,774,$2.37,$183.4K,sweep,23558,7764,
02/09/2024,01:48:21 PM,SPY,05/17/2024,430,put,bid,500.65,1533,$1.43,$219.2K,sweep,2873,10353,
02/09/2024,01:48:11 PM,SPY,02/16/2024,501,put,ask,500.65,500,$2.83,$141.5K,block,7931,618,
02/09/2024,01:48:10 PM,SPY,05/17/2024,430,put,bid,500.65,967,$1.44,$139.2K,sweep,1340,10353,
02/09/2024,01:48:08 PM,SPY,02/09/2024,500,call,above,500.62,764,$0.86,$66.5K,sweep,482070,45384,
02/09/2024,01:48:01 PM,SPY,05/17/2024,468,put,bid,500.63,300,$3.56,$106.8K,block,821,1211,
02/09/2024,01:47:55 PM,SPY,05/17/2024,465,put,ask,500.62,999,$3.28,$327.7K,sweep,2732,16784,
02/09/2024,01:47:49 PM,SPY,02/16/2024,500,put,above,500.65,2546,$2.36,$603K,sweep,22692,7764,
02/09/2024,01:47:32 PM,SPY,02/09/2024,501,put,bid,500.64,500,$0.69,$34.5K,block,62788,1621,
02/09/2024,01:47:12 PM,SPY,02/15/2024,498,put,bid,500.63,349,$1.43,$49.9K,sweep,2030,1087,
02/09/2024,01:47:06 PM,SPY,02/16/2024,500,put,mid,500.65,197,$2.36,$46.5K,sweep,20116,7764,
02/09/2024,01:46:42 PM,SPY,02/12/2024,500,call,ask,500.70,200,$1.70,$34K,sweep,150567,9704,
02/09/2024,01:46:40 PM,SPY,02/16/2024,495,put,bid,500.70,1343,$0.89,$119.5K,sweep,19704,13400,
02/09/2024,01:45:56 PM,SPY,02/16/2024,496,put,bid,500.66,341,$1.10,$37.5K,sweep,9854,3791,
02/09/2024,01:45:55 PM,SPY,02/09/2024,500,call,ask,500.65,619,$0.90,$55.7K,sweep,479254,45384,
02/09/2024,01:45:55 PM,SPY,02/16/2024,490,put,bid,500.65,989,$0.35,$34.6K,sweep,50468,36410,
02/09/2024,01:45:46 PM,SPY,02/12/2024,500,call,mid,500.65,200,$1.67,$33.4K,block,150283,9704,
02/09/2024,01:44:29 PM,SPY,05/17/2024,491,call,ask,500.65,800,$22.50,$1.8M,block,979,1480,
02/09/2024,01:44:28 PM,SPY,02/14/2024,498,put,bid,500.63,200,$1.25,$25K,split,3826,9224,
02/09/2024,01:44:12 PM,SPY,02/09/2024,501,put,below,500.61,511,$0.71,$36.4K,sweep,61442,1621,
02/09/2024,01:44:09 PM,SPY,02/12/2024,501,put,bid,500.60,336,$1.43,$48K,sweep,15615,59,opening
02/09/2024,01:43:44 PM,SPY,02/09/2024,501,put,mid,500.56,682,$0.75,$51.4K,sweep,60556,1621,
02/09/2024,01:43:30 PM,SPY,02/16/2024,501,call,ask,500.58,500,$2.97,$148.5K,sweep,12468,37848,
02/09/2024,01:43:28 PM,SPY,03/15/2024,519,call,ask,500.58,491,$1.33,$65.3K,sweep,1369,231,opening
02/09/2024,01:43:27 PM,SPY,02/12/2024,500,call,ask,500.56,359,$1.61,$57.8K,sweep,149947,9704,
02/09/2024,01:43:23 PM,SPY,02/09/2024,501,call,mid,500.55,1005,$0.29,$30.1K,sweep,241729,19179,
02/09/2024,01:43:09 PM,SPY,03/15/2024,490,put,bid,500.55,210,$2.88,$60.5K,split,5357,32039,
02/09/2024,01:42:56 PM,SPY,02/09/2024,500,call,mid,500.54,579,$0.82,$48K,sweep,477213,45384,
02/09/2024,01:42:49 PM,SPY,02/13/2024,499,put,ask,500.58,199,$1.32,$26.3K,sweep,9448,1478,
02/09/2024,01:42:37 PM,SPY,02/14/2024,505,call,bid,500.65,576,$0.81,$46.7K,block,2770,2149,
02/09/2024,01:42:34 PM,SPY,02/23/2024,508,call,ask,500.65,201,$1.48,$29.7K,split,5543,4864,
02/09/2024,01:42:07 PM,SPY,02/12/2024,501,call,ask,500.64,239,$1.12,$26.8K,sweep,70605,3705,
02/09/2024,01:42:03 PM,SPY,03/15/2024,493,put,bid,500.61,210,$3.53,$74.1K,sweep,2143,5012,
02/09/2024,01:42:03 PM,SPY,03/15/2024,495,put,bid,500.61,187,$4.07,$76.1K,sweep,6047,8674,
02/09/2024,01:42:03 PM,SPY,03/15/2024,494,put,bid,500.61,262,$3.79,$99.3K,sweep,2343,5745,
02/09/2024,01:42:00 PM,SPY,02/16/2024,505,call,ask,500.58,359,$1.33,$47.7K,sweep,13424,17050,
02/09/2024,01:41:51 PM,SPY,02/16/2024,500,put,ask,500.57,156,$2.40,$37.4K,sweep,19737,7764,
02/09/2024,01:41:48 PM,SPY,02/16/2024,499,put,ask,500.58,259,$1.99,$51.5K,sweep,13489,3202,
02/09/2024,01:41:44 PM,SPY,02/16/2024,490,put,ask,500.61,26954,$0.35,$943.4K,sweep,49445,36410,
02/09/2024,01:41:32 PM,SPY,02/12/2024,501,put,bid,500.58,617,$1.44,$88.9K,sweep,14841,59,opening
02/09/2024,01:41:30 PM,SPY,02/09/2024,502,put,mid,500.62,810,$1.48,$119.9K,sweep,8023,964,
02/09/2024,01:41:30 PM,SPY,02/12/2024,500,call,mid,500.62,274,$1.62,$44.6K,sweep,149152,9704,
02/09/2024,01:41:29 PM,SPY,04/19/2024,505,call,ask,500.62,182,$9.61,$174.9K,split,490,13235,
02/09/2024,01:41:23 PM,SPY,03/15/2024,492,put,bid,500.62,919,$3.29,$302.4K,sweep,3867,3663,
02/09/2024,01:41:20 PM,SPY,03/01/2024,507,call,ask,500.61,650,$2.77,$180.1K,sweep,1365,438,opening
02/09/2024,01:41:17 PM,SPY,03/01/2024,500,call,below,500.64,650,$6.10,$396.7K,sweep,2623,53314,
02/09/2024,01:41:12 PM,SPY,02/12/2024,501,call,mid,500.69,361,$1.13,$41K,sweep,69968,3705,
02/09/2024,01:40:30 PM,SPY,02/12/2024,500,call,below,500.70,212,$1.68,$35.6K,sweep,148658,9704,
02/09/2024,01:40:01 PM,SPY,02/15/2024,503,call,ask,500.74,150,$1.81,$27.2K,split,1293,367,
02/09/2024,01:40:01 PM,SPY,02/16/2024,501,call,ask,500.74,151,$3.04,$45.9K,sweep,11816,37848,
02/09/2024,01:39:04 PM,SPY,02/22/2024,500,put,bid,500.77,209,$2.97,$62.1K,block,1914,595,
02/09/2024,01:39:01 PM,SPY,02/09/2024,501,call,ask,500.73,999,$0.39,$39K,sweep,235877,19179,
02/09/2024,01:38:41 PM,SPY,02/16/2024,501,call,ask,500.74,500,$3.04,$152K,sweep,11613,37848,
02/09/2024,01:38:36 PM,SPY,03/15/2024,503,call,bid,500.76,216,$6.68,$144.3K,sweep,826,645,
02/09/2024,01:38:36 PM,SPY,02/12/2024,501,put,bid,500.75,199,$1.36,$27.1K,split,13696,59,opening
02/09/2024,01:38:14 PM,SPY,02/12/2024,501,put,ask,500.73,215,$1.37,$29.5K,sweep,13363,59,opening
02/09/2024,01:38:02 PM,SPY,02/13/2024,498,put,bid,500.74,399,$0.95,$37.9K,sweep,10250,3478,
02/09/2024,01:38:00 PM,SPY,02/09/2024,502,put,bid,500.73,179,$1.40,$25.1K,sweep,7048,964,
02/09/2024,01:37:53 PM,SPY,02/09/2024,501,call,bid,500.73,2013,$0.38,$76.5K,sweep,234378,19179,
02/09/2024,01:37:28 PM,SPY,03/22/2024,480,put,ask,500.73,250,$2.03,$50.8K,block,797,1737,
02/09/2024,01:37:13 PM,SPY,02/13/2024,500,put,ask,500.72,200,$1.64,$32.8K,block,13230,1969,
02/09/2024,01:37:12 PM,SPY,02/12/2024,501,call,mid,500.75,507,$1.15,$58.8K,sweep,69270,3705,
02/09/2024,01:36:55 PM,SPY,02/12/2024,500,call,ask,500.76,196,$1.73,$33.9K,split,147918,9704,
02/09/2024,01:36:48 PM,SPY,02/14/2024,502,call,bid,500.74,200,$1.85,$37K,block,8365,5319,
02/09/2024,01:36:36 PM,SPY,02/09/2024,501,put,mid,500.76,1142,$0.65,$74.8K,sweep,55547,1621,
02/09/2024,01:36:14 PM,SPY,02/15/2024,497,put,ask,500.78,431,$1.10,$47.4K,sweep,3423,1779,
02/09/2024,01:35:48 PM,SPY,02/12/2024,502,call,mid,500.78,418,$0.74,$31.3K,sweep,32876,3056,
02/09/2024,01:35:39 PM,SPY,02/09/2024,500,call,bid,500.81,320,$1.01,$32.3K,sweep,472456,45384,
02/09/2024,01:35:10 PM,SPY,02/16/2024,501,call,below,500.84,520,$3.07,$159.7K,sweep,10990,37848,
02/09/2024,01:35:09 PM,SPY,02/13/2024,500,put,ask,500.83,200,$1.61,$32.2K,block,12912,1969,
02/09/2024,01:35:02 PM,SPY,02/12/2024,501,call,below,500.86,211,$1.21,$25.5K,sweep,68012,3705,
02/09/2024,01:34:42 PM,SPY,02/12/2024,503,call,bid,500.90,2000,$0.48,$96K,sweep,42546,1294,opening
02/09/2024,01:34:41 PM,SPY,02/16/2024,501,call,ask,500.89,256,$3.11,$79.6K,sweep,10477,37848,
02/09/2024,01:34:41 PM,SPY,02/16/2024,502,call,ask,500.89,164,$2.60,$42.6K,sweep,8604,10107,
02/09/2024,01:34:18 PM,SPY,02/09/2024,501,call,bid,500.93,881,$0.48,$42.3K,sweep,227962,19179,
02/09/2024,01:34:16 PM,SPY,03/15/2024,488,put,mid,500.93,200,$2.44,$48.8K,block,3132,6119,
02/09/2024,01:34:16 PM,SPY,03/15/2024,517,call,ask,500.93,200,$1.74,$34.8K,block,623,536,
02/09/2024,01:34:09 PM,SPY,02/14/2024,500,put,bid,500.89,203,$1.85,$37.6K,sweep,6197,453,
02/09/2024,01:34:06 PM,SPY,03/01/2024,498,put,ask,500.88,200,$3.14,$62.8K,split,2696,2654,
02/09/2024,01:34:05 PM,SPY,02/12/2024,504,call,ask,500.85,5923,$0.25,$154K,sweep,18568,3908,opening highly_un
02/09/2024,01:34:02 PM,SPY,02/09/2024,502,put,mid,500.87,406,$1.28,$52K,sweep,6389,964,
02/09/2024,01:34:01 PM,SPY,02/16/2024,503,call,ask,500.86,160,$2.12,$33.9K,sweep,8835,1550,
02/09/2024,01:34:00 PM,SPY,03/28/2024,528,call,ask,500.85,304,$0.89,$27.1K,sweep,308,148,opening
02/09/2024,01:33:51 PM,SPY,02/12/2024,501,put,ask,500.83,196,$1.30,$25.5K,sweep,12334,59,opening
02/09/2024,01:33:43 PM,SPY,02/16/2024,501,put,bid,500.81,209,$2.72,$56.8K,sweep,6888,618,
02/09/2024,01:33:39 PM,SPY,02/09/2024,500,call,ask,500.80,1510,$1.00,$152.5K,sweep,470031,45384,
02/09/2024,01:33:27 PM,SPY,02/21/2024,505,call,ask,500.78,167,$1.96,$32.7K,sweep,2406,0,opening
02/09/2024,01:33:05 PM,SPY,02/14/2024,500,put,ask,500.77,225,$1.89,$42.5K,sweep,5964,453,
02/09/2024,01:32:58 PM,SPY,03/15/2024,492,put,ask,500.75,200,$3.24,$64.8K,sweep,2922,3663,
02/09/2024,01:32:51 PM,SPY,02/12/2024,500,call,bid,500.75,414,$1.71,$70.8K,sweep,146804,9704,
02/09/2024,01:32:37 PM,SPY,02/16/2024,501,call,mid,500.77,500,$3.03,$151.7K,sweep,10039,37848,
02/09/2024,01:32:15 PM,SPY,09/20/2024,550,call,mid,500.78,175,$5.70,$99.8K,block,293,5126,
02/09/2024,01:32:06 PM,SPY,05/31/2024,530,call,ask,500.76,257,$4.31,$110.8K,block,385,1495,
02/09/2024,01:31:39 PM,SPY,08/16/2024,460,put,bid,500.70,582,$6.37,$370.7K,sweep,1923,5693,
02/09/2024,01:31:36 PM,SPY,03/15/2024,486,put,ask,500.70,230,$2.17,$49.9K,split,7545,32474,
02/09/2024,01:31:34 PM,SPY,02/09/2024,500,call,below,500.71,645,$0.94,$60.7K,sweep,466768,45384,
02/09/2024,01:31:27 PM,SPY,02/09/2024,501,call,bid,500.75,905,$0.40,$36.2K,sweep,222825,19179,
02/09/2024,01:31:16 PM,SPY,02/16/2024,500,call,below,500.79,1500,$3.58,$538.3K,sweep,81405,31444,
02/09/2024,01:30:54 PM,SPY,04/19/2024,460,put,ask,500.77,200,$1.77,$35.4K,block,3501,28240,
02/09/2024,01:30:48 PM,SPY,02/09/2024,498,call,ask,500.79,245,$2.81,$68.8K,split,51735,17117,
02/09/2024,01:30:30 PM,SPY,02/12/2024,501,put,ask,500.75,203,$1.34,$27.2K,sweep,11750,59,opening
02/09/2024,01:30:29 PM,SPY,02/09/2024,501,call,below,500.75,1279,$0.40,$51.2K,sweep,219656,19179,
02/09/2024,01:30:00 PM,SPY,02/09/2024,502,put,bid,500.76,205,$1.38,$28.3K,split,5520,964,
02/09/2024,01:29:27 PM,SPY,02/12/2024,500,call,mid,500.73,277,$1.68,$46.7K,sweep,146050,9704,
02/09/2024,01:29:19 PM,SPY,02/12/2024,500,call,ask,500.73,309,$1.70,$52.5K,sweep,145769,9704,
02/09/2024,01:28:42 PM,SPY,02/09/2024,501,call,mid,500.75,766,$0.39,$29.9K,sweep,215478,19179,
02/09/2024,01:28:38 PM,SPY,02/16/2024,498,put,bid,500.75,375,$1.54,$57.8K,sweep,13077,5474,
02/09/2024,01:28:38 PM,SPY,02/16/2024,500,put,ask,500.80,168,$2.26,$38K,sweep,18954,7764,
02/09/2024,01:28:38 PM,SPY,02/09/2024,498,call,mid,500.80,151,$2.82,$42.6K,block,51402,17117,
02/09/2024,01:28:36 PM,SPY,02/12/2024,501,put,ask,500.81,300,$1.31,$39.3K,sweep,10921,59,opening
02/09/2024,01:28:34 PM,SPY,02/09/2024,500,call,mid,500.82,367,$1.02,$37.6K,sweep,463563,45384,
02/09/2024,01:28:34 PM,SPY,03/08/2024,505,call,ask,500.82,292,$4.79,$139.9K,sweep,3704,7777,
02/09/2024,01:28:30 PM,SPY,04/19/2024,489,put,bid,500.79,214,$5.07,$108.5K,block,642,1709,
02/09/2024,01:28:30 PM,SPY,03/21/2025,575,call,ask,500.74,250,$8.60,$215K,block,264,10173,
02/09/2024,01:28:30 PM,SPY,03/15/2024,480,put,bid,500.74,175,$1.50,$26.3K,sweep,17982,47706,
02/09/2024,01:28:30 PM,SPY,03/15/2024,493,put,bid,500.74,170,$3.47,$59K,block,1861,5012,
02/09/2024,01:28:30 PM,SPY,02/12/2024,500,put,below,500.72,292,$0.89,$26.1K,sweep,50426,1413,
02/09/2024,01:28:29 PM,SPY,02/16/2024,498,put,bid,500.72,221,$1.54,$34.3K,sweep,12700,5474,
02/09/2024,01:28:29 PM,SPY,02/09/2024,500,call,above,500.70,1207,$0.98,$118.7K,sweep,463134,45384,
02/09/2024,01:28:29 PM,SPY,02/12/2024,500,call,above,500.70,333,$1.69,$56.6K,sweep,145139,9704,
02/09/2024,01:28:26 PM,SPY,03/21/2025,560,call,ask,500.68,250,$12.95,$323.8K,block,783,2084,
02/09/2024,01:28:20 PM,SPY,02/12/2024,500,call,ask,500.65,353,$1.63,$57.9K,sweep,144734,9704,
02/09/2024,01:28:15 PM,SPY,02/09/2024,501,put,below,500.65,1312,$0.67,$88.3K,sweep,46541,1621,
02/09/2024,01:28:15 PM,SPY,02/09/2024,500,call,mid,500.65,468,$0.90,$42.1K,sweep,461559,45384,
02/09/2024,01:28:15 PM,SPY,02/23/2024,500,call,above,500.64,308,$4.77,$147.2K,sweep,5583,4791,
02/09/2024,01:28:15 PM,SPY,02/16/2024,500,call,above,500.64,180,$3.49,$63K,sweep,79556,31444,
02/09/2024,01:28:08 PM,SPY,03/15/2024,515,call,bid,500.63,154,$2.09,$32.2K,sweep,3100,13002,
02/09/2024,01:28:08 PM,SPY,02/09/2024,500,call,above,500.63,407,$0.89,$36.4K,sweep,461080,45384,
02/09/2024,01:26:55 PM,SPY,03/22/2024,480,put,mid,500.56,250,$2.02,$50.6K,sweep,536,1737,
02/09/2024,01:26:31 PM,SPY,03/15/2024,486,put,bid,500.53,253,$2.19,$55.4K,sweep,7305,32474,
02/09/2024,01:26:17 PM,SPY,03/15/2024,490,put,bid,500.50,151,$2.86,$43.2K,sweep,4978,32039,
02/09/2024,01:26:03 PM,SPY,03/15/2024,503,call,mid,500.54,172,$6.54,$112.7K,sweep,601,645,
02/09/2024,01:25:59 PM,SPY,02/09/2024,501,put,bid,500.53,1081,$0.79,$85.4K,sweep,44562,1621,
02/09/2024,01:25:42 PM,SPY,04/19/2024,483,put,bid,500.57,200,$3.98,$79.6K,block,730,2832,
02/09/2024,01:24:41 PM,SPY,03/15/2024,515,call,ask,500.60,200,$2.09,$41.8K,block,2925,13002,
02/09/2024,01:24:39 PM,SPY,03/15/2024,482,put,bid,500.59,200,$1.71,$34.2K,block,1566,4917,
02/09/2024,01:24:33 PM,SPY,03/15/2024,498,put,mid,500.56,456,$5.04,$229.9K,sweep,3206,6058,
02/09/2024,01:24:30 PM,SPY,02/29/2024,490,put,bid,500.56,200,$1.28,$25.6K,block,1932,7123,
02/09/2024,01:24:27 PM,SPY,02/12/2024,500,call,ask,500.59,180,$1.61,$29K,sweep,143923,9704,
02/09/2024,01:24:20 PM,SPY,02/29/2024,495,put,bid,500.58,180,$2.19,$39.4K,block,1594,4763,
02/09/2024,01:24:06 PM,SPY,02/09/2024,501,call,bid,500.58,840,$0.32,$26.9K,sweep,208384,19179,
02/09/2024,01:23:56 PM,SPY,04/19/2024,483,put,bid,500.58,200,$3.98,$79.6K,split,391,2832,
02/09/2024,01:23:33 PM,SPY,02/09/2024,500,call,ask,500.61,363,$0.87,$31.9K,sweep,458629,45384,
02/09/2024,01:22:16 PM,SPY,07/19/2024,474,put,bid,500.58,161,$7.17,$115.4K,sweep,161,72,opening
02/09/2024,01:21:07 PM,SPY,02/23/2024,494,put,bid,500.55,325,$1.36,$44.2K,sweep,4706,2338,
02/09/2024,01:21:03 PM,SPY,04/19/2024,447,put,bid,500.54,290,$1.24,$36K,split,290,1934,
02/09/2024,01:20:54 PM,SPY,02/12/2024,500,call,ask,500.55,377,$1.60,$60.3K,sweep,143244,9704,
02/09/2024,01:20:54 PM,SPY,02/09/2024,498,call,above,500.55,307,$2.59,$79.5K,sweep,51002,17117,
02/09/2024,01:20:54 PM,SPY,03/21/2025,565,call,ask,500.53,250,$11.30,$282.5K,block,1025,6417,
02/09/2024,01:20:54 PM,SPY,02/09/2024,500,call,above,500.53,380,$0.84,$32K,sweep,456928,45384,
02/09/2024,01:20:15 PM,SPY,02/12/2024,500,call,ask,500.55,350,$1.58,$55.3K,sweep,142815,9704,